#
# There is insufficient memory for the Java Runtime Environment to continue.
# Native memory allocation (mmap) failed to map 65536 bytes for Failed to commit metaspace.
# Possible reasons:
#   The system is out of physical RAM or swap space
#   The process is running with CompressedOops enabled, and the Java Heap may be blocking the growth of the native heap
# Possible solutions:
#   Reduce memory load on the system
#   Increase physical memory or swap space
#   Check if swap backing store is full
#   Decrease Java heap size (-Xmx/-Xms)
#   Decrease number of Java threads
#   Decrease Java thread stack sizes (-Xss)
#   Set larger code cache with -XX:ReservedCodeCacheSize=
#   JVM is running with Unscaled Compressed Oops mode in which the Java heap is
#     placed in the first 4GB address space. The Java Heap base address is the
#     maximum limit for the native heap growth. Please use -XX:HeapBaseMinAddress
#     to set the Java Heap base and to place the Java Heap above 4GB virtual address.
# This output file may be truncated or incomplete.
#
#  Out of Memory Error (virtualSpaceNode.cpp:112), pid=13720, tid=6808
#
# JRE version: Java(TM) SE Runtime Environment (21.0.9+7) (build 21.0.9+7-LTS-338)
# Java VM: Java HotSpot(TM) 64-Bit Server VM (21.0.9+7-LTS-338, mixed mode, emulated-client, sharing, tiered, compressed oops, compressed class ptrs, g1 gc, windows-amd64)
# No core dump will be written. Minidumps are not enabled by default on client versions of Windows
#

---------------  S U M M A R Y ------------

Command Line: -XX:TieredStopAtLevel=1 com.rentflow.RentflowApplication

Host: Intel(R) Core(TM) i5-5300U CPU @ 2.30GHz, 4 cores, 3G,  Windows 11 , 64 bit Build 22000 (10.0.22000.2538)
Time: Mon Sep  7 16:33:17 2026 E. Africa Standard Time elapsed time: 33.119201 seconds (0d 0h 0m 33s)

---------------  T H R E A D  ---------------

Current thread (0x000001f0e031cfe0):  JavaThread "main"             [_thread_in_vm, id=6808, stack(0x0000005580b00000,0x0000005580c00000) (1024K)]

Stack: [0x0000005580b00000,0x0000005580c00000]
Native frames: (J=compiled Java code, j=interpreted, Vv=VM code, C=native code)
V  [jvm.dll+0x6cbf89]
V  [jvm.dll+0x858421]
V  [jvm.dll+0x85a94e]
V  [jvm.dll+0x85b023]
V  [jvm.dll+0x27ebc6]
V  [jvm.dll+0x85403e]
V  [jvm.dll+0x66fcf5]
V  [jvm.dll+0x1e4c4c]
V  [jvm.dll+0x1e4a1e]
V  [jvm.dll+0x672623]
V  [jvm.dll+0x672442]
V  [jvm.dll+0x6706ce]
V  [jvm.dll+0x26a3c7]
V  [jvm.dll+0x2116e8]
V  [jvm.dll+0x2163d0]
V  [jvm.dll+0x20bcfe]
V  [jvm.dll+0x5aec2c]
V  [jvm.dll+0x7d2486]
V  [jvm.dll+0x4725b6]
V  [jvm.dll+0x478438]
C  [java.dll+0x17ec]

Java frames: (J=compiled Java code, j=interpreted, Vv=VM code)
J 556  java.lang.ClassLoader.defineClass1(Ljava/lang/ClassLoader;Ljava/lang/String;[BIILjava/security/ProtectionDomain;Ljava/lang/String;)Ljava/lang/Class; java.base@21.0.9 (0 bytes) @ 0x000001f0eaac4191 [0x000001f0eaac40c0+0x00000000000000d1]
J 928 c1 java.lang.ClassLoader.defineClass(Ljava/lang/String;[BIILjava/security/ProtectionDomain;)Ljava/lang/Class; java.base@21.0.9 (43 bytes) @ 0x000001f0eab60e7c [0x000001f0eab60d60+0x000000000000011c]
J 817 c1 jdk.internal.loader.BuiltinClassLoader.defineClass(Ljava/lang/String;Ljdk/internal/loader/Resource;)Ljava/lang/Class; java.base@21.0.9 (121 bytes) @ 0x000001f0eab35d94 [0x000001f0eab35840+0x0000000000000554]
J 812 c1 jdk.internal.loader.BuiltinClassLoader.findClassOnClassPathOrNull(Ljava/lang/String;)Ljava/lang/Class; java.base@21.0.9 (64 bytes) @ 0x000001f0eab34034 [0x000001f0eab33d60+0x00000000000002d4]
J 448 c1 jdk.internal.loader.BuiltinClassLoader.loadClassOrNull(Ljava/lang/String;Z)Ljava/lang/Class; java.base@21.0.9 (143 bytes) @ 0x000001f0eaa9fa7c [0x000001f0eaa9f680+0x00000000000003fc]
J 589 c1 jdk.internal.loader.ClassLoaders$AppClassLoader.loadClass(Ljava/lang/String;Z)Ljava/lang/Class; java.base@21.0.9 (40 bytes) @ 0x000001f0eaacf38c [0x000001f0eaacf340+0x000000000000004c]
J 588 c1 java.lang.ClassLoader.loadClass(Ljava/lang/String;)Ljava/lang/Class; java.base@21.0.9 (7 bytes) @ 0x000001f0eaacf014 [0x000001f0eaacefc0+0x0000000000000054]
v  ~StubRoutines::call_stub 0x000001f0ea8e100d
j  org.apache.tomcat.websocket.server.WsSci.init(Ljakarta/servlet/ServletContext;Z)Lorg/apache/tomcat/websocket/server/WsServerContainer;+0
j  org.apache.tomcat.websocket.server.WsSci.onStartup(Ljava/util/Set;Ljakarta/servlet/ServletContext;)V+2
j  org.apache.catalina.core.StandardContext.startInternal()V+1043
j  org.apache.catalina.util.LifecycleBase.start()V+210
j  org.apache.catalina.core.ContainerBase$StartChild.call()Ljava/lang/Void;+4
j  org.apache.catalina.core.ContainerBase$StartChild.call()Ljava/lang/Object;+1
j  java.util.concurrent.FutureTask.run()V+39 java.base@21.0.9
j  org.apache.tomcat.util.threads.InlineExecutorService.execute(Ljava/lang/Runnable;)V+38
j  java.util.concurrent.AbstractExecutorService.submit(Ljava/util/concurrent/Callable;)Ljava/util/concurrent/Future;+20 java.base@21.0.9
j  org.apache.catalina.core.ContainerBase.startInternal()V+116
j  org.apache.catalina.core.StandardHost.startInternal()V+177
j  org.apache.catalina.util.LifecycleBase.start()V+210
j  org.apache.catalina.core.ContainerBase$StartChild.call()Ljava/lang/Void;+4
j  org.apache.catalina.core.ContainerBase$StartChild.call()Ljava/lang/Object;+1
j  java.util.concurrent.FutureTask.run()V+39 java.base@21.0.9
j  org.apache.tomcat.util.threads.InlineExecutorService.execute(Ljava/lang/Runnable;)V+38
j  java.util.concurrent.AbstractExecutorService.submit(Ljava/util/concurrent/Callable;)Ljava/util/concurrent/Future;+20 java.base@21.0.9
j  org.apache.catalina.core.ContainerBase.startInternal()V+116
j  org.apache.catalina.core.StandardEngine.startInternal()V+38
j  org.apache.catalina.util.LifecycleBase.start()V+210
j  org.apache.catalina.core.StandardService.startInternal()V+56
j  org.apache.catalina.util.LifecycleBase.start()V+210
j  org.apache.catalina.core.StandardServer.startInternal()V+84
j  org.apache.catalina.util.LifecycleBase.start()V+210
j  org.apache.catalina.startup.Tomcat.start()V+9
j  org.springframework.boot.tomcat.TomcatWebServer.initialize()V+55
j  org.springframework.boot.tomcat.TomcatWebServer.<init>(Lorg/apache/catalina/startup/Tomcat;ZLorg/springframework/boot/web/server/Shutdown;)V+66
j  org.springframework.boot.tomcat.servlet.TomcatServletWebServerFactory.getTomcatWebServer(Lorg/apache/catalina/startup/Tomcat;)Lorg/springframework/boot/tomcat/TomcatWebServer;+21
j  org.springframework.boot.tomcat.servlet.TomcatServletWebServerFactory.getWebServer([Lorg/springframework/boot/web/servlet/ServletContextInitializer;)Lorg/springframework/boot/web/server/WebServer;+30
j  org.springframework.boot.web.server.servlet.context.ServletWebServerApplicationContext.createWebServer()V+68
j  org.springframework.boot.web.server.servlet.context.ServletWebServerApplicationContext.onRefresh()V+5
j  org.springframework.context.support.AbstractApplicationContext.refresh()V+85
j  org.springframework.boot.web.server.servlet.context.ServletWebServerApplicationContext.refresh()V+1
j  org.springframework.boot.SpringApplication.refresh(Lorg/springframework/context/ConfigurableApplicationContext;)V+1
j  org.springframework.boot.SpringApplication.refreshContext(Lorg/springframework/context/ConfigurableApplicationContext;)V+19
j  org.springframework.boot.SpringApplication.run([Ljava/lang/String;)Lorg/springframework/context/ConfigurableApplicationContext;+113
j  org.springframework.boot.SpringApplication.run([Ljava/lang/Class;[Ljava/lang/String;)Lorg/springframework/context/ConfigurableApplicationContext;+9
j  org.springframework.boot.SpringApplication.run(Ljava/lang/Class;[Ljava/lang/String;)Lorg/springframework/context/ConfigurableApplicationContext;+9
j  com.rentflow.RentflowApplication.main([Ljava/lang/String;)V+3
v  ~StubRoutines::call_stub 0x000001f0ea8e100d

Compiled method (n/a)   33361  556     n 0       java.lang.ClassLoader::defineClass1 (native)
 total in heap  [0x000001f0eaac3f10,0x000001f0eaac4570] = 1632
 relocation     [0x000001f0eaac4070,0x000001f0eaac40a8] = 56
 main code      [0x000001f0eaac40c0,0x000001f0eaac456f] = 1199
 stub code      [0x000001f0eaac456f,0x000001f0eaac4570] = 1

[Constant Pool (empty)]

[MachCode]
[Entry Point]
  # {method} {0x000001f08043a5f0} 'defineClass1' '(Ljava/lang/ClassLoader;Ljava/lang/String;[BIILjava/security/ProtectionDomain;Ljava/lang/String;)Ljava/lang/Class;' in 'java/lang/ClassLoader'
  # parm0:    rdx:rdx   = 'java/lang/ClassLoader'
  # parm1:    r8:r8     = 'java/lang/String'
  # parm2:    r9:r9     = '[B'
  # parm3:    rdi       = int
  # parm4:    rsi       = int
  # parm5:    rcx:rcx   = 'java/security/ProtectionDomain'
  # parm6:    [sp+0xa0]   = 'java/lang/String'  (sp of caller)
  0x000001f0eaac40c0: 448b 5208 | 49bb 0000 | 0080 f001 | 0000 4d03 | d349 3bc2 | 0f84 0600 

  0x000001f0eaac40d8: ;   {runtime_call ic_miss_stub}
  0x000001f0eaac40d8: 0000 e9a1 | a6e6 ff90 
[Verified Entry Point]
  0x000001f0eaac40e0: 8984 2400 | 80ff ff55 | 488b ec48 | 81ec 9000 | 0000 6690 | 4181 7f20 | 0900 0000 

  0x000001f0eaac40fc: ;   {runtime_call StubRoutines (final stubs)}
  0x000001f0eaac40fc: 7405 e85d | 0ce5 ff48 | 837d 1000 | 488d 4510 | 480f 4445 | 1048 8944 | 2440 4889 | 4c24 7048 
  0x000001f0eaac411c: 83f9 0048 | 8d44 2470 | 480f 4444 | 2470 4889 | 4424 3848 | 8974 2430 | 4889 7c24 | 284c 894c 
  0x000001f0eaac413c: 2458 4983 | f900 488d | 4424 5848 | 0f44 4424 | 5848 8944 | 2420 4c89 | 4424 5049 | 83f8 004c 
  0x000001f0eaac415c: 8d4c 2450 | 4c0f 444c | 2450 4889 | 5424 4848 | 83fa 004c | 8d44 2448 | 4c0f 4444 

  0x000001f0eaac4178: ;   {oop(a 'java/lang/Class'{0x00000000c218e5f0} = 'java/lang/ClassLoader')}
  0x000001f0eaac4178: 2448 49be | f0e5 18c2 | 0000 0000 | 4c89 7424 | 784c 8d74 | 2478 498b | d6c5 f877 

  0x000001f0eaac4194: ;   {internal_word}
  0x000001f0eaac4194: 49ba 9141 | acea f001 | 0000 4d89 | 97a8 0300 | 0049 89a7 | a003 0000 

  0x000001f0eaac41ac: ;   {external_word}
  0x000001f0eaac41ac: 49ba c087 | 4baf f97f | 0000 4180 | 3a00 0f84 | 4e00 0000 | 5241 5041 

  0x000001f0eaac41c4: ;   {metadata({method} {0x000001f08043a5f0} 'defineClass1' '(Ljava/lang/ClassLoader;Ljava/lang/String;[BIILjava/security/ProtectionDomain;Ljava/lang/String;)Ljava/lang/Class;' in 'java/lang/ClassLoader')}
  0x000001f0eaac41c4: 5148 bae8 | a543 80f0 | 0100 0049 | 8bcf 4883 | ec20 40f6 | c40f 0f84 | 1900 0000 | 4883 ec08 
  0x000001f0eaac41e4: ;   {runtime_call}
  0x000001f0eaac41e4: 48b8 901e | fcae f97f | 0000 ffd0 | 4883 c408 | e90c 0000 

  0x000001f0eaac41f8: ;   {runtime_call}
  0x000001f0eaac41f8: 0048 b890 | 1efc aef9 | 7f00 00ff | d048 83c4 | 2041 5941 | 585a 498d | 8fc0 0300 | 0041 c787 
  0x000001f0eaac4218: 4c04 0000 | 0400 0000 

  0x000001f0eaac4220: ;   {runtime_call}
  0x000001f0eaac4220: 48b8 ac16 | dd28 fa7f | 0000 ffd0 | c5f8 7741 | c787 4c04 | 0000 0500 | 0000 f083 | 4424 c000 
  0x000001f0eaac4240: 493b af50 | 0400 000f | 870e 0000 | 0041 83bf | 4804 0000 | 000f 842b | 0000 00c5 | f877 4889 
  0x000001f0eaac4260: 45f8 498b | cf4c 8be4 | 4883 ec20 | 4883 e4f0 

  0x000001f0eaac4270: ;   {runtime_call}
  0x000001f0eaac4270: 48b8 60cb | c7ae f97f | 0000 ffd0 | 498b e44d | 33e4 488b | 45f8 41c7 | 874c 0400 | 0008 0000 
  0x000001f0eaac4290: 0041 83bf | c804 0000 | 020f 84a3 

  0x000001f0eaac429c: ;   {external_word}
  0x000001f0eaac429c: 0200 0049 | bac0 874b | aff9 7f00 | 0041 803a | 000f 844c | 0000 0048 

  0x000001f0eaac42b4: ;   {metadata({method} {0x000001f08043a5f0} 'defineClass1' '(Ljava/lang/ClassLoader;Ljava/lang/String;[BIILjava/security/ProtectionDomain;Ljava/lang/String;)Ljava/lang/Class;' in 'java/lang/ClassLoader')}
  0x000001f0eaac42b4: 8945 f848 | bae8 a543 | 80f0 0100 | 0049 8bcf | 4883 ec20 | 40f6 c40f | 0f84 1900 | 0000 4883 
  0x000001f0eaac42d4: ;   {runtime_call}
  0x000001f0eaac42d4: ec08 48b8 | 901e fcae | f97f 0000 | ffd0 4883 | c408 e90c 

  0x000001f0eaac42e8: ;   {runtime_call}
  0x000001f0eaac42e8: 0000 0048 | b890 1efc | aef9 7f00 | 00ff d048 | 83c4 2048 | 8b45 f849 | c787 a003 | 0000 0000 
  0x000001f0eaac4308: 0000 49c7 | 87a8 0300 | 0000 0000 | 00c5 f877 | 4885 c00f | 84fe 0100 | 00a8 030f | 8508 0000 
  0x000001f0eaac4328: 0048 8b00 | e9ee 0100 | 00a8 010f | 8509 0000 | 0048 8b40 | fee9 dd01 | 0000 488b | 40ff 4180 
  0x000001f0eaac4348: 7f40 000f | 84ce 0100 | 0048 83f8 | 000f 84c4 | 0100 0049 | 8b4f 2848 | 83f9 000f | 8414 0000 
  0x000001f0eaac4368: 0048 83e9 | 0849 894f | 2849 034f | 3848 8901 | e9a2 0100 | 0048 81ec | d000 0000 | 4889 0424 
  0x000001f0eaac4388: 4889 4c24 | 0848 8954 | 2410 4889 | 7424 1848 | 897c 2420 | 4c89 4424 | 284c 894c | 2430 4c89 
  0x000001f0eaac43a8: 5424 384c | 895c 2440 | c5fb 1144 | 2450 c5fb | 114c 2458 | c5fb 1154 | 2460 c5fb | 115c 2468 
  0x000001f0eaac43c8: c5fb 1164 | 2470 c5fb | 116c 2478 | c5fb 11b4 | 2480 0000 | 00c5 fb11 | bc24 8800 | 0000 c57b 
  0x000001f0eaac43e8: ;   {no_reloc}
  0x000001f0eaac43e8: 1184 2490 | 0000 00c5 | 7b11 8c24 | 9800 0000 | c57b 1194 | 24a0 0000 | 00c5 7b11 | 9c24 a800 
  0x000001f0eaac4408: 0000 c57b | 11a4 24b0 | 0000 00c5 | 7b11 ac24 | b800 0000 | c57b 11b4 | 24c0 0000 | 00c5 7b11 
  0x000001f0eaac4428: bc24 c800 | 0000 498b | d748 8bc8 | 4883 ec20 | 40f6 c40f | 0f84 1900 | 0000 4883 

  0x000001f0eaac4444: ;   {runtime_call}
  0x000001f0eaac4444: ec08 48b8 | d001 bbae | f97f 0000 | ffd0 4883 | c408 e90c 

  0x000001f0eaac4458: ;   {runtime_call}
  0x000001f0eaac4458: 0000 0048 | b8d0 01bb | aef9 7f00 | 00ff d048 | 83c4 20c5 | 7b10 bc24 | c800 0000 | c57b 10b4 
  0x000001f0eaac4478: 24c0 0000 | 00c5 7b10 | ac24 b800 | 0000 c57b | 10a4 24b0 | 0000 00c5 | 7b10 9c24 | a800 0000 
  0x000001f0eaac4498: c57b 1094 | 24a0 0000 | 00c5 7b10 | 8c24 9800 | 0000 c57b | 1084 2490 | 0000 00c5 | fb10 bc24 
  0x000001f0eaac44b8: 8800 0000 | c5fb 10b4 | 2480 0000 | 00c5 fb10 | 6c24 78c5 | fb10 6424 | 70c5 fb10 | 5c24 68c5 
  0x000001f0eaac44d8: fb10 5424 | 60c5 fb10 | 4c24 58c5 | fb10 4424 | 504c 8b5c | 2440 4c8b | 5424 384c | 8b4c 2430 
  0x000001f0eaac44f8: 4c8b 4424 | 2848 8b7c | 2420 488b | 7424 1848 | 8b54 2410 | 488b 4c24 | 0848 8b04 | 2448 81c4 
  0x000001f0eaac4518: d000 0000 | c5f8 7749 | 8b8f 3004 | 0000 c781 | 0001 0000 | 0000 0000 | c949 837f | 0800 0f85 
  0x000001f0eaac4538: 0100 0000 

  0x000001f0eaac453c: ;   {runtime_call StubRoutines (initial stubs)}
  0x000001f0eaac453c: c3e9 bec9 | e1ff c5f8 | 7748 8945 | f84c 8be4 | 4883 ec20 | 4883 e4f0 

  0x000001f0eaac4554: ;   {runtime_call}
  0x000001f0eaac4554: 48b8 4056 | fcae f97f | 0000 ffd0 | 498b e44d | 33e4 488b | 45f8 e930 | fdff fff4 
[/MachCode]


Compiled method (c1)   33375  928       1       java.lang.ClassLoader::defineClass (43 bytes)
 total in heap  [0x000001f0eab60b90,0x000001f0eab61150] = 1472
 relocation     [0x000001f0eab60cf0,0x000001f0eab60d60] = 112
 main code      [0x000001f0eab60d60,0x000001f0eab60f20] = 448
 stub code      [0x000001f0eab60f20,0x000001f0eab60f98] = 120
 metadata       [0x000001f0eab60f98,0x000001f0eab60fc8] = 48
 scopes data    [0x000001f0eab60fc8,0x000001f0eab61080] = 184
 scopes pcs     [0x000001f0eab61080,0x000001f0eab61120] = 160
 dependencies   [0x000001f0eab61120,0x000001f0eab61128] = 8
 nul chk table  [0x000001f0eab61128,0x000001f0eab61150] = 40

[Constant Pool (empty)]

[MachCode]
[Entry Point]
  # {method} {0x000001f08043a970} 'defineClass' '(Ljava/lang/String;[BIILjava/security/ProtectionDomain;)Ljava/lang/Class;' in 'java/lang/ClassLoader'
  # this:     rdx:rdx   = 'java/lang/ClassLoader'
  # parm0:    r8:r8     = 'java/lang/String'
  # parm1:    r9:r9     = '[B'
  # parm2:    rdi       = int
  # parm3:    rsi       = int
  # parm4:    rcx:rcx   = 'java/security/ProtectionDomain'
  #           [sp+0xc0]  (sp of caller)
  0x000001f0eab60d60: 448b 5208 | 49bb 0000 | 0080 f001 | 0000 4d03 | d34c 3bd0 

  0x000001f0eab60d74: ;   {runtime_call ic_miss_stub}
  0x000001f0eab60d74: 0f85 06da | dcff 660f | 1f44 0000 
[Verified Entry Point]
  0x000001f0eab60d80: 8984 2400 | 80ff ff55 | 4881 ecb0 | 0000 0090 | 4181 7f20 | 0900 0000 

  0x000001f0eab60d98: ;   {runtime_call StubRoutines (final stubs)}
  0x000001f0eab60d98: 7405 e8c1 | 3fdb ff48 | 8954 2478 | 89b4 2494 | 0000 0089 | bc24 9000 | 0000 4c89 | 8c24 8800 
  0x000001f0eab60db8: 0000 498b | d84c 8bc3 | 4c8b c948 | 8bca 488b | d148 899c | 2480 0000 | 0066 0f1f 

  0x000001f0eab60dd4: ;   {optimized virtual_call}
  0x000001f0eab60dd4: 4400 00e8 

  0x000001f0eab60dd8: ; ImmutableOopMap {[120]=Oop [128]=Oop [136]=Oop }
                      ;*invokevirtual preDefineClass {reexecute=0 rethrow=0 return_oop=0}
                      ; - java.lang.ClassLoader::defineClass@4 (line 1025)
  0x000001f0eab60dd8: 6406 0000 

  0x000001f0eab60ddc: ;   {other}
  0x000001f0eab60ddc: 0f1f 8400 | 4c02 0000 | 4889 8424 | 9800 0000 

  0x000001f0eab60dec: ; implicit exception: dispatches to 0x000001f0eab60eca
  0x000001f0eab60dec: 448b 4010 | 4d85 c00f | 850f 0000 

  0x000001f0eab60df8: ;   {oop(nullptr)}
  0x000001f0eab60df8: 0048 bb00 | 0000 0000 | 0000 00e9 | 3f00 0000 

  0x000001f0eab60e08: ; implicit exception: dispatches to 0x000001f0eab60ecf
  0x000001f0eab60e08: 458b 400c | 4d85 c00f | 850f 0000 

  0x000001f0eab60e14: ;   {oop(nullptr)}
  0x000001f0eab60e14: 0048 bb00 | 0000 0000 | 0000 00e9 | 2300 0000 

  0x000001f0eab60e24: ; implicit exception: dispatches to 0x000001f0eab60ed4
  0x000001f0eab60e24: 418b 5038 

  0x000001f0eab60e28: ; implicit exception: dispatches to 0x000001f0eab60ed9
  0x000001f0eab60e28: 483b 020f 

  0x000001f0eab60e2c: ;   {optimized virtual_call}
  0x000001f0eab60e2c: 1f40 00e8 

  0x000001f0eab60e30: ; ImmutableOopMap {[120]=Oop [128]=Oop [136]=Oop [152]=Oop }
                      ;*invokevirtual toExternalForm {reexecute=0 rethrow=0 return_oop=0}
                      ; - java.net.URL::toExternalForm@5 (line 1203)
                      ; - java.net.URL::toString@1 (line 1189)
                      ; - java.lang.ClassLoader::defineClassSourceLocation@22 (line 927)
                      ; - java.lang.ClassLoader::defineClass@12 (line 1026)
  0x000001f0eab60e30: cc71 f7ff 

  0x000001f0eab60e34: ;   {other}
  0x000001f0eab60e34: 0f1f 8400 | a402 0001 | 488b d848 | 8b84 2498 | 0000 008b | b424 9400 | 0000 8bbc | 2490 0000 
  0x000001f0eab60e54: 004c 8b8c | 2488 0000 | 004c 8b84 | 2480 0000 | 0048 8b54 | 2478 4c8b | da49 8bd3 | 488b c848 
  0x000001f0eab60e74: ;   {static_call}
  0x000001f0eab60e74: 891c 24e8 

  0x000001f0eab60e78: ; ImmutableOopMap {[120]=Oop [152]=Oop }
                      ;*invokestatic defineClass1 {reexecute=0 rethrow=0 return_oop=0}
                      ; - java.lang.ClassLoader::defineClass@27 (line 1027)
  0x000001f0eab60e78: 6432 f6ff 

  0x000001f0eab60e7c: ;   {other}
  0x000001f0eab60e7c: 0f1f 8400 | ec02 0002 | 4c8b c04c | 8b8c 2498 | 0000 0048 | 8b54 2478 | 4889 8424 | a000 0000 
  0x000001f0eab60e9c: ;   {optimized virtual_call}
  0x000001f0eab60e9c: 6666 90e8 

  0x000001f0eab60ea0: ; ImmutableOopMap {[160]=Oop }
                      ;*invokevirtual postDefineClass {reexecute=0 rethrow=0 return_oop=0}
                      ; - java.lang.ClassLoader::defineClass@37 (line 1028)
  0x000001f0eab60ea0: 5c1e 0000 

  0x000001f0eab60ea4: ;   {other}
  0x000001f0eab60ea4: 0f1f 8400 | 1403 0003 | 488b 8424 | a000 0000 | 4881 c4b0 | 0000 005d 

  0x000001f0eab60ebc: ;   {poll_return}
  0x000001f0eab60ebc: 493b a750 | 0400 000f | 8715 0000 

  0x000001f0eab60ec8: ;   {runtime_call throw_null_pointer_exception Runtime1 stub}
  0x000001f0eab60ec8: 00c3 e831 

  0x000001f0eab60ecc: ; ImmutableOopMap {rax=Oop [120]=Oop [128]=Oop [136]=Oop [152]=Oop }
                      ;*invokevirtual getCodeSource {reexecute=0 rethrow=0 return_oop=0}
                      ; - java.lang.ClassLoader::defineClassSourceLocation@1 (line 924)
                      ; - java.lang.ClassLoader::defineClass@12 (line 1026)
                      ;   {runtime_call throw_null_pointer_exception Runtime1 stub}
  0x000001f0eab60ecc: 00e8 ffe8 

  0x000001f0eab60ed0: ; ImmutableOopMap {rax=Oop [120]=Oop [128]=Oop [136]=Oop [152]=Oop }
                      ;*invokevirtual getLocation {reexecute=0 rethrow=0 return_oop=0}
                      ; - java.lang.ClassLoader::defineClassSourceLocation@12 (line 926)
                      ; - java.lang.ClassLoader::defineClass@12 (line 1026)
  0x000001f0eab60ed0: 2c00 e8ff 

  0x000001f0eab60ed4: ;   {runtime_call throw_null_pointer_exception Runtime1 stub}
  0x000001f0eab60ed4: e827 00e8 

  0x000001f0eab60ed8: ; ImmutableOopMap {r8=Oop [120]=Oop [128]=Oop [136]=Oop [152]=Oop }
                      ;*invokevirtual toString {reexecute=0 rethrow=0 return_oop=0}
                      ; - java.lang.ClassLoader::defineClassSourceLocation@22 (line 927)
                      ; - java.lang.ClassLoader::defineClass@12 (line 1026)
                      ;   {runtime_call throw_null_pointer_exception Runtime1 stub}
  0x000001f0eab60ed8: ffe8 2200 

  0x000001f0eab60edc: ; ImmutableOopMap {r8=Oop rdx=Oop [120]=Oop [128]=Oop [136]=Oop [152]=Oop }
                      ;*invokevirtual toExternalForm {reexecute=0 rethrow=0 return_oop=0}
                      ; - java.net.URL::toExternalForm@5 (line 1203)
                      ; - java.net.URL::toString@1 (line 1189)
                      ; - java.lang.ClassLoader::defineClassSourceLocation@22 (line 927)
                      ; - java.lang.ClassLoader::defineClass@12 (line 1026)
                      ;   {internal_word}
  0x000001f0eab60edc: e8ff 49ba | bc0e b6ea | f001 0000 | 4d89 9768 

  0x000001f0eab60eec: ;   {runtime_call SafepointBlob}
  0x000001f0eab60eec: 0400 00e9 | 0c48 ddff | 498b 8700 | 0500 0049 | c787 0005 | 0000 0000 | 0000 49c7 | 8708 0500 
  0x000001f0eab60f0c: 0000 0000 | 0048 81c4 | b000 0000 

  0x000001f0eab60f18: ;   {runtime_call unwind_exception Runtime1 stub}
  0x000001f0eab60f18: 5de9 e2f0 | e7ff f4f4 
[Stub Code]
  0x000001f0eab60f20: ;   {no_reloc}
  0x000001f0eab60f20: 0f1f 4400 

  0x000001f0eab60f24: ;   {static_stub}
  0x000001f0eab60f24: 0048 bb00 | 0000 0000 

  0x000001f0eab60f2c: ;   {runtime_call}
  0x000001f0eab60f2c: 0000 00e9 | fbff ffff 

  0x000001f0eab60f34: ;   {static_stub}
  0x000001f0eab60f34: 48bb 0000 | 0000 0000 

  0x000001f0eab60f3c: ;   {runtime_call}
  0x000001f0eab60f3c: 0000 e9fb 

  0x000001f0eab60f40: ;   {static_stub}
  0x000001f0eab60f40: ffff ff48 | bb00 0000 | 0000 0000 

  0x000001f0eab60f4c: ;   {runtime_call}
  0x000001f0eab60f4c: 00e9 fbff 

  0x000001f0eab60f50: ;   {static_stub}
  0x000001f0eab60f50: ffff 48bb | 0000 0000 | 0000 0000 

  0x000001f0eab60f5c: ;   {runtime_call}
  0x000001f0eab60f5c: e9fb ffff 

  0x000001f0eab60f60: ;   {runtime_call handle_exception_from_callee Runtime1 stub}
  0x000001f0eab60f60: ffe8 9a1d 

  0x000001f0eab60f64: ;   {external_word}
  0x000001f0eab60f64: e8ff 48b9 | b078 23af | f97f 0000 | 4883 e4f0 

  0x000001f0eab60f74: ;   {runtime_call}
  0x000001f0eab60f74: 48b8 9041 | ebae f97f | 0000 ffd0 

  0x000001f0eab60f80: ;   {section_word}
  0x000001f0eab60f80: f449 ba81 | 0fb6 eaf0 | 0100 0041 

  0x000001f0eab60f8c: ;   {runtime_call DeoptimizationBlob}
  0x000001f0eab60f8c: 52e9 0e3a | ddff f4f4 | f4f4 f4f4 
[/MachCode]


Compiled method (c1)   33385  817       1       jdk.internal.loader.BuiltinClassLoader::defineClass (121 bytes)
 total in heap  [0x000001f0eab35590,0x000001f0eab364a0] = 3856
 relocation     [0x000001f0eab356f0,0x000001f0eab35838] = 328
 main code      [0x000001f0eab35840,0x000001f0eab35f00] = 1728
 stub code      [0x000001f0eab35f00,0x000001f0eab36020] = 288
 metadata       [0x000001f0eab36020,0x000001f0eab36068] = 72
 scopes data    [0x000001f0eab36068,0x000001f0eab362c0] = 600
 scopes pcs     [0x000001f0eab362c0,0x000001f0eab36460] = 416
 dependencies   [0x000001f0eab36460,0x000001f0eab36468] = 8
 handler table  [0x000001f0eab36468,0x000001f0eab36480] = 24
 nul chk table  [0x000001f0eab36480,0x000001f0eab364a0] = 32

[Constant Pool (empty)]

[MachCode]
[Entry Point]
  # {method} {0x000001f080069998} 'defineClass' '(Ljava/lang/String;Ljdk/internal/loader/Resource;)Ljava/lang/Class;' in 'jdk/internal/loader/BuiltinClassLoader'
  # this:     rdx:rdx   = 'jdk/internal/loader/BuiltinClassLoader'
  # parm0:    r8:r8     = 'java/lang/String'
  # parm1:    r9:r9     = 'jdk/internal/loader/Resource'
  #           [sp+0x110]  (sp of caller)
  0x000001f0eab35840: 448b 5208 | 49bb 0000 | 0080 f001 | 0000 4d03 | d34c 3bd0 

  0x000001f0eab35854: ;   {runtime_call ic_miss_stub}
  0x000001f0eab35854: 0f85 268f | dfff 660f | 1f44 0000 
[Verified Entry Point]
  0x000001f0eab35860: 8984 2400 | 80ff ff55 | 4881 ec00 | 0100 0090 | 4181 7f20 | 0900 0000 

  0x000001f0eab35878: ;   {runtime_call StubRoutines (final stubs)}
  0x000001f0eab35878: 7405 e8e1 | f4dd ff48 | 8994 24a0 | 0000 004c | 8984 2490 | 0000 004c | 898c 2498 | 0000 0049 
  0x000001f0eab35898: 8bd1 6666 | 9048 b8ff | ffff ffff 

  0x000001f0eab358a4: ;   {virtual_call}
  0x000001f0eab358a4: ffff ffe8 

  0x000001f0eab358a8: ; ImmutableOopMap {[144]=Oop [152]=Oop [160]=Oop }
                      ;*invokevirtual getCodeSourceURL {reexecute=0 rethrow=0 return_oop=0}
                      ; - jdk.internal.loader.BuiltinClassLoader::defineClass@1 (line 842)
  0x000001f0eab358a8: 84b4 ebff 

  0x000001f0eab358ac: ;   {other}
  0x000001f0eab358ac: 0f1f 8400 | 1c03 0000 | 4889 8424 | a800 0000 | 4c8b 8424 | 9000 0000 

  0x000001f0eab358c4: ; implicit exception: dispatches to 0x000001f0eab35e02
  0x000001f0eab358c4: 418b 7014 

  0x000001f0eab358c8: ; implicit exception: dispatches to 0x000001f0eab35e07
  0x000001f0eab358c8: 8b56 0c45 | 0fbe 4810 | 498b c9c1 | e118 c1f9 | 18d3 fa48 | 8bfa ffcf | 4585 c9ba | 0000 0000 
  0x000001f0eab358e8: 7505 ba01 | 0000 0083 | e201 85d2 | 488b d641 | b82e 0000 | 004c 8bcf | 0f84 1300 

  0x000001f0eab35904: ;   {static_call}
  0x000001f0eab35904: 0000 90e8 

  0x000001f0eab35908: ; ImmutableOopMap {[144]=Oop [152]=Oop [160]=Oop [168]=Oop }
                      ;*invokestatic lastIndexOf {reexecute=0 rethrow=0 return_oop=0}
                      ; - java.lang.String::lastIndexOf@13 (line 2573)
                      ; - java.lang.String::lastIndexOf@8 (line 2535)
                      ; - jdk.internal.loader.BuiltinClassLoader::defineClass@8 (line 845)
  0x000001f0eab35908: b4b9 eeff 

  0x000001f0eab3590c: ;   {other}
  0x000001f0eab3590c: 0f1f 8400 | 7c03 0001 | e913 0000 | 0066 0f1f 

  0x000001f0eab3591c: ;   {static_call}
  0x000001f0eab3591c: 4400 00e8 

  0x000001f0eab35920: ; ImmutableOopMap {[144]=Oop [152]=Oop [160]=Oop [168]=Oop }
                      ;*invokestatic lastIndexOf {reexecute=0 rethrow=0 return_oop=0}
                      ; - java.lang.String::lastIndexOf@25 (line 2574)
                      ; - java.lang.String::lastIndexOf@8 (line 2535)
                      ; - jdk.internal.loader.BuiltinClassLoader::defineClass@8 (line 845)
  0x000001f0eab35920: 5c97 dfff 

  0x000001f0eab35924: ;   {other}
  0x000001f0eab35924: 0f1f 8400 | 9403 0002 | 83f8 ff0f | 847f 0000 | 0041 b800 | 0000 004c | 8bc8 488b | 9424 9000 
  0x000001f0eab35944: ;   {optimized virtual_call}
  0x000001f0eab35944: 0000 90e8 

  0x000001f0eab35948: ; ImmutableOopMap {[144]=Oop [152]=Oop [160]=Oop [168]=Oop }
                      ;*invokevirtual substring {reexecute=0 rethrow=0 return_oop=0}
                      ; - jdk.internal.loader.BuiltinClassLoader::defineClass@23 (line 847)
  0x000001f0eab35948: 343d f0ff 

  0x000001f0eab3594c: ;   {other}
  0x000001f0eab3594c: 0f1f 8400 | bc03 0003 | 488b 9424 | 9800 0000 | 4889 8424 | b000 0000 | 9048 b8ff | ffff ffff 
  0x000001f0eab3596c: ;   {virtual_call}
  0x000001f0eab3596c: ffff ffe8 

  0x000001f0eab35970: ; ImmutableOopMap {[144]=Oop [152]=Oop [160]=Oop [168]=Oop [176]=Oop }
                      ;*invokevirtual getManifest {reexecute=0 rethrow=0 return_oop=0}
                      ; - jdk.internal.loader.BuiltinClassLoader::defineClass@29 (line 848)
  0x000001f0eab35970: 44f3 1300 

  0x000001f0eab35974: ;   {other}
  0x000001f0eab35974: 0f1f 8400 | e403 0004 | 4c8b 8424 | b000 0000 | 4c8b c848 | 8bbc 24a8 | 0000 0048 | 8b94 24a0 
  0x000001f0eab35994: 0000 0066 | 0f1f 4400 | 0048 b8d8 | 9f06 80f0 

  0x000001f0eab359a4: ;   {virtual_call}
  0x000001f0eab359a4: 0100 00e8 

  0x000001f0eab359a8: ; ImmutableOopMap {[144]=Oop [152]=Oop [160]=Oop [168]=Oop }
                      ;*invokevirtual defineOrCheckPackage {reexecute=0 rethrow=0 return_oop=0}
                      ; - jdk.internal.loader.BuiltinClassLoader::defineClass@40 (line 849)
  0x000001f0eab359a8: 140d 0000 

  0x000001f0eab359ac: ;   {other}
  0x000001f0eab359ac: 0f1f 8400 | 1c04 0005 | 4c8b 8c24 | 9800 0000 | 488d 9424 | e000 0000 | 4c89 4a08 | 498b 0148 
  0x000001f0eab359cc: 83c8 0148 | 8902 f049 | 0fb1 110f | 8412 0000 | 0048 2bc4 | 4825 07f0 | ffff 4889 | 020f 851d 
  0x000001f0eab359ec: 0400 0049 | ff87 5005 | 0000 418b | 510c 4885 | d20f 8551 | 0000 0049 | 8bd1 0f1f | 8000 0000 
  0x000001f0eab35a0c: 0048 b8ff | ffff ffff 

  0x000001f0eab35a14: ;   {virtual_call}
  0x000001f0eab35a14: ffff ffe8 

  0x000001f0eab35a18: ; ImmutableOopMap {[144]=Oop [152]=Oop [160]=Oop [168]=Oop [232]=Oop }
                      ;*invokevirtual getInputStream {reexecute=0 rethrow=0 return_oop=0}
                      ; - jdk.internal.loader.Resource::cachedInputStream@9 (line 77)
                      ; - jdk.internal.loader.Resource::getByteBuffer@1 (line 163)
                      ; - jdk.internal.loader.BuiltinClassLoader::defineClass@45 (line 853)
  0x000001f0eab35a18: 54b2 ebff 

  0x000001f0eab35a1c: ;   {other}
  0x000001f0eab35a1c: 0f1f 8400 | 8c04 0006 | 410f be57 | 4085 d24c | 8b8c 2498 | 0000 000f | 85e6 0300 | 004c 8bd0 
  0x000001f0eab35a3c: 4589 510c | 498b d148 | 33d0 48c1 | ea14 4883 | fa00 0f85 | e703 0000 | 418b 510c | 488d 8424 
  0x000001f0eab35a5c: e000 0000 | 488b 3048 | 85f6 0f84 | 0f00 0000 | 488b 7808 | f048 0fb1 | 370f 85d8 | 0300 0049 
  0x000001f0eab35a7c: ff8f 5005 | 0000 4885 | d20f 8443 

  0x000001f0eab35a88: ;   {metadata('sun/nio/ByteBuffered')}
  0x000001f0eab35a88: 0000 0048 | b888 cd36 | 80f0 0100 | 008b 5a08 | 49ba 0000 | 0080 f001 | 0000 4903 | da48 3b43 
  0x000001f0eab35aa8: 200f 8424 | 0000 0048 | 3bd8 0f84 | 1b00 0000 

  0x000001f0eab35ab8: ;   {runtime_call slow_subtype_check Runtime1 stub}
  0x000001f0eab35ab8: 5350 e841 | deea ff5b | 5b85 db0f | 8405 0000 | 00e9 0500 | 0000 4833 | f6eb 0a48 | be01 0000 
  0x000001f0eab35ad8: 0000 0000 | 0085 f60f | 846c 0000 | 0048 85d2 | 0f84 4300 

  0x000001f0eab35aec: ;   {metadata('sun/nio/ByteBuffered')}
  0x000001f0eab35aec: 0000 48bb | 88cd 3680 | f001 0000 | 8b7a 0849 | ba00 0000 | 80f0 0100 | 0049 03fa | 483b 5f20 
  0x000001f0eab35b0c: 0f84 1f00 | 0000 483b | fb0f 8416 | 0000 0057 

  0x000001f0eab35b1c: ;   {runtime_call slow_subtype_check Runtime1 stub}
  0x000001f0eab35b1c: 53e8 dedd | eaff 5f5f | 85ff 0f84 | 3d03 0000 | e900 0000 | 000f 1f40 | 0048 b8ff | ffff ffff 
  0x000001f0eab35b3c: ;   {virtual_call}
  0x000001f0eab35b3c: ffff ffe8 

  0x000001f0eab35b40: ; ImmutableOopMap {[144]=Oop [152]=Oop [160]=Oop [168]=Oop }
                      ;*invokeinterface getByteBuffer {reexecute=0 rethrow=0 return_oop=0}
                      ; - jdk.internal.loader.Resource::getByteBuffer@16 (line 165)
                      ; - jdk.internal.loader.BuiltinClassLoader::defineClass@45 (line 853)
  0x000001f0eab35b40: 3c92 dfff 

  0x000001f0eab35b44: ;   {other}
  0x000001f0eab35b44: 0f1f 8400 | b405 0007 | e90a 0000 

  0x000001f0eab35b50: ;   {oop(nullptr)}
  0x000001f0eab35b50: 0048 b800 | 0000 0000 | 0000 0048 | 85c0 0f84 | 0601 0000 | 4889 8424 | b800 0000 | 488b 9424 
  0x000001f0eab35b70: 9800 0000 | 9048 b8ff | ffff ffff 

  0x000001f0eab35b7c: ;   {virtual_call}
  0x000001f0eab35b7c: ffff ffe8 

  0x000001f0eab35b80: ; ImmutableOopMap {[144]=Oop [160]=Oop [168]=Oop [184]=Oop }
                      ;*invokevirtual getCodeSigners {reexecute=0 rethrow=0 return_oop=0}
                      ; - jdk.internal.loader.BuiltinClassLoader::defineClass@56 (line 855)
  0x000001f0eab35b80: fc91 dfff 

  0x000001f0eab35b84: ;   {other}
  0x000001f0eab35b84: 0f1f 8400 | f405 0008 

  0x000001f0eab35b8c: ;   {metadata('java/security/CodeSource')}
  0x000001f0eab35b8c: 4c8b c848 | bad8 5a00 | 80f0 0100 | 0049 8b87 | b801 0000 | 488d 7828 | 493b bfc8 | 0100 000f 
  0x000001f0eab35bac: 87c1 0200 | 0049 89bf | b801 0000 | 48c7 0001 | 0000 0048 | 8bca 49ba | 0000 0080 | f001 0000 
  0x000001f0eab35bcc: 492b ca89 | 4808 4833 | c989 480c | 4833 c948 | 8948 1048 | 8948 1848 | 8948 204c | 8b84 24a8 
  0x000001f0eab35bec: 0000 0048 | 8bd0 4889 | 8424 c000 | 0000 0f1f 

  0x000001f0eab35bfc: ;   {optimized virtual_call}
  0x000001f0eab35bfc: 4400 00e8 

  0x000001f0eab35c00: ; ImmutableOopMap {[144]=Oop [160]=Oop [184]=Oop [192]=Oop }
                      ;*invokespecial <init> {reexecute=0 rethrow=0 return_oop=0}
                      ; - jdk.internal.loader.BuiltinClassLoader::defineClass@68 (line 856)
  0x000001f0eab35c00: 7c8e dfff 

  0x000001f0eab35c04: ;   {other}
  0x000001f0eab35c04: 0f1f 8400 | 7406 0009 | 4c8b 8424 | c000 0000 | 488b 9424 | a000 0000 

  0x000001f0eab35c1c: ;   {optimized virtual_call}
  0x000001f0eab35c1c: 6666 90e8 

  0x000001f0eab35c20: ; ImmutableOopMap {[144]=Oop [160]=Oop [184]=Oop }
                      ;*invokevirtual getProtectionDomain {reexecute=0 rethrow=0 return_oop=0}
                      ; - java.security.SecureClassLoader::defineClass@5 (line 182)
                      ; - jdk.internal.loader.BuiltinClassLoader::defineClass@79 (line 857)
  0x000001f0eab35c20: 5c8e dfff 

  0x000001f0eab35c24: ;   {other}
  0x000001f0eab35c24: 0f1f 8400 | 9406 000a | 4c8b 8424 | 9000 0000 | 4c8b 8c24 | b800 0000 | 488b f848 | 8b94 24a0 
  0x000001f0eab35c44: ;   {optimized virtual_call}
  0x000001f0eab35c44: 0000 00e8 

  0x000001f0eab35c48: ; ImmutableOopMap {}
                      ;*invokevirtual defineClass {reexecute=0 rethrow=0 return_oop=0}
                      ; - java.security.SecureClassLoader::defineClass@8 (line 182)
                      ; - jdk.internal.loader.BuiltinClassLoader::defineClass@79 (line 857)
  0x000001f0eab35c48: 348e dfff 

  0x000001f0eab35c4c: ;   {other}
  0x000001f0eab35c4c: 0f1f 8400 | bc06 000b | 4881 c400 | 0100 005d 

  0x000001f0eab35c5c: ;   {poll_return}
  0x000001f0eab35c5c: 493b a750 | 0400 000f | 8716 0200 | 00c3 4c8b | 8c24 9800 | 0000 498b | d148 b8ff | ffff ffff 
  0x000001f0eab35c7c: ;   {virtual_call}
  0x000001f0eab35c7c: ffff ffe8 

  0x000001f0eab35c80: ; ImmutableOopMap {[144]=Oop [152]=Oop [160]=Oop [168]=Oop }
                      ;*invokevirtual getBytes {reexecute=0 rethrow=0 return_oop=0}
                      ; - jdk.internal.loader.BuiltinClassLoader::defineClass@84 (line 859)
  0x000001f0eab35c80: acb2 ebff 

  0x000001f0eab35c84: ;   {other}
  0x000001f0eab35c84: 0f1f 8400 | f406 000c | 4889 8424 | c800 0000 | 488b 9424 | 9800 0000 | 9048 b8ff | ffff ffff 
  0x000001f0eab35ca4: ;   {virtual_call}
  0x000001f0eab35ca4: ffff ffe8 

  0x000001f0eab35ca8: ; ImmutableOopMap {[144]=Oop [160]=Oop [168]=Oop [200]=Oop }
                      ;*invokevirtual getCodeSigners {reexecute=0 rethrow=0 return_oop=0}
                      ; - jdk.internal.loader.BuiltinClassLoader::defineClass@90 (line 860)
  0x000001f0eab35ca8: dcef 1300 

  0x000001f0eab35cac: ;   {other}
  0x000001f0eab35cac: 0f1f 8400 | 1c07 000d 

  0x000001f0eab35cb4: ;   {metadata('java/security/CodeSource')}
  0x000001f0eab35cb4: 4c8b c848 | bad8 5a00 | 80f0 0100 | 0049 8b87 | b801 0000 | 488d 7828 | 493b bfc8 | 0100 000f 
  0x000001f0eab35cd4: 87bc 0100 | 0049 89bf | b801 0000 | 48c7 0001 | 0000 0048 | 8bca 49ba | 0000 0080 | f001 0000 
  0x000001f0eab35cf4: 492b ca89 | 4808 4833 | c989 480c | 4833 c948 | 8948 1048 | 8948 1848 | 8948 204c | 8b84 24a8 
  0x000001f0eab35d14: 0000 0048 | 8bd0 4889 | 8424 d000 | 0000 0f1f 

  0x000001f0eab35d24: ;   {optimized virtual_call}
  0x000001f0eab35d24: 4400 00e8 

  0x000001f0eab35d28: ; ImmutableOopMap {[144]=Oop [160]=Oop [200]=Oop [208]=Oop }
                      ;*invokespecial <init> {reexecute=0 rethrow=0 return_oop=0}
                      ; - jdk.internal.loader.BuiltinClassLoader::defineClass@102 (line 861)
  0x000001f0eab35d28: d49a 0200 

  0x000001f0eab35d2c: ;   {other}
  0x000001f0eab35d2c: 0f1f 8400 | 9c07 000e | 488b 8424 | c800 0000 

  0x000001f0eab35d3c: ; implicit exception: dispatches to 0x000001f0eab35ea2
  0x000001f0eab35d3c: 8b70 0c4c | 8b84 24d0 | 0000 0048 | 8b94 24a0 | 0000 0089 | b424 d800 

  0x000001f0eab35d54: ;   {optimized virtual_call}
  0x000001f0eab35d54: 0000 90e8 

  0x000001f0eab35d58: ; ImmutableOopMap {[144]=Oop [160]=Oop [200]=Oop }
                      ;*invokevirtual getProtectionDomain {reexecute=0 rethrow=0 return_oop=0}
                      ; - java.security.SecureClassLoader::defineClass@9 (line 150)
                      ; - jdk.internal.loader.BuiltinClassLoader::defineClass@117 (line 862)
  0x000001f0eab35d58: a4a0 0200 

  0x000001f0eab35d5c: ;   {other}
  0x000001f0eab35d5c: 0f1f 8400 | cc07 000f | 4c8b 8424 | 9000 0000 | 4c8b 8c24 | c800 0000 | bf00 0000 | 008b b424 
  0x000001f0eab35d7c: d800 0000 | 488b c848 | 8b94 24a0 | 0000 000f 

  0x000001f0eab35d8c: ;   {optimized virtual_call}
  0x000001f0eab35d8c: 1f40 00e8 

  0x000001f0eab35d90: ; ImmutableOopMap {}
                      ;*invokevirtual defineClass {reexecute=0 rethrow=0 return_oop=0}
                      ; - java.security.SecureClassLoader::defineClass@12 (line 150)
                      ; - jdk.internal.loader.BuiltinClassLoader::defineClass@117 (line 862)
  0x000001f0eab35d90: ecaf 0200 

  0x000001f0eab35d94: ;   {other}
  0x000001f0eab35d94: 0f1f 8400 | 0408 0010 | 4881 c400 | 0100 005d 

  0x000001f0eab35da4: ;   {poll_return}
  0x000001f0eab35da4: 493b a750 | 0400 000f | 87f6 0000 | 00c3 498b | 8700 0500 | 004d 33d2 | 4d89 9700 | 0500 004d 
  0x000001f0eab35dc4: 33d2 4d89 | 9708 0500 | 0048 8bf0 | 488d 8424 | e000 0000 | 488b 3848 | 85ff 0f84 | 0f00 0000 
  0x000001f0eab35de4: 488b 5808 | f048 0fb1 | 3b0f 85ca | 0000 0049 | ff8f 5005 | 0000 488b | c6e9 ee00 

  0x000001f0eab35e00: ;   {runtime_call throw_null_pointer_exception Runtime1 stub}
  0x000001f0eab35e00: 0000 e8f9 

  0x000001f0eab35e04: ; ImmutableOopMap {rax=Oop r8=Oop [144]=Oop [152]=Oop [160]=Oop [168]=Oop }
                      ;*invokevirtual lastIndexOf {reexecute=0 rethrow=0 return_oop=0}
                      ; - jdk.internal.loader.BuiltinClassLoader::defineClass@8 (line 845)
                      ;   {runtime_call throw_null_pointer_exception Runtime1 stub}
  0x000001f0eab35e04: b0ea ffe8 

  0x000001f0eab35e08: ; ImmutableOopMap {rax=Oop r8=Oop rsi=Oop [144]=Oop [152]=Oop [160]=Oop [168]=Oop }
                      ;*arraylength {reexecute=0 rethrow=0 return_oop=0}
                      ; - java.lang.String::length@4 (line 1519)
                      ; - java.lang.String::lastIndexOf@3 (line 2535)
                      ; - jdk.internal.loader.BuiltinClassLoader::defineClass@8 (line 845)
  0x000001f0eab35e08: f4b0 eaff | 4c89 4c24 | 0848 8914 

  0x000001f0eab35e14: ;   {runtime_call monitorenter_nofpu Runtime1 stub}
  0x000001f0eab35e14: 24e8 e6e0 

  0x000001f0eab35e18: ; ImmutableOopMap {r9=Oop [144]=Oop [152]=Oop [160]=Oop [168]=Oop [232]=Oop }
                      ;*synchronization entry
                      ; - jdk.internal.loader.Resource::cachedInputStream@-1 (line 76)
                      ; - jdk.internal.loader.Resource::getByteBuffer@1 (line 163)
                      ; - jdk.internal.loader.BuiltinClassLoader::defineClass@45 (line 853)
  0x000001f0eab35e18: eaff e9d7 | fbff ff41 | 8b51 0c48 | 83fa 000f | 840c fcff | ff48 8914 

  0x000001f0eab35e30: ;   {runtime_call g1_pre_barrier_slow}
  0x000001f0eab35e30: 24e8 ca07 | ebff e9fe | fbff ff48 | 83f8 000f | 840f fcff | ff4c 890c 

  0x000001f0eab35e48: ;   {runtime_call g1_post_barrier_slow}
  0x000001f0eab35e48: 24e8 b20a | ebff e901 | fcff ff48 | 8d84 24e0 | 0000 0048 

  0x000001f0eab35e5c: ;   {runtime_call monitorexit_nofpu Runtime1 stub}
  0x000001f0eab35e5c: 8904 24e8 | 9ce6 eaff | e919 fcff | ff48 8914 

  0x000001f0eab35e6c: ;   {runtime_call throw_class_cast_exception Runtime1 stub}
  0x000001f0eab35e6c: 24e8 8ed4 

  0x000001f0eab35e70: ; ImmutableOopMap {[144]=Oop [152]=Oop [160]=Oop [168]=Oop }
                      ;*checkcast {reexecute=0 rethrow=0 return_oop=0}
                      ; - jdk.internal.loader.Resource::getByteBuffer@13 (line 165)
                      ; - jdk.internal.loader.BuiltinClassLoader::defineClass@45 (line 853)
  0x000001f0eab35e70: eaff 488b 

  0x000001f0eab35e74: ;   {runtime_call fast_new_instance Runtime1 stub}
  0x000001f0eab35e74: d2e8 86b9 

  0x000001f0eab35e78: ; ImmutableOopMap {r9=Oop [144]=Oop [160]=Oop [168]=Oop [184]=Oop }
                      ;*new {reexecute=0 rethrow=0 return_oop=0}
                      ; - jdk.internal.loader.BuiltinClassLoader::defineClass@61 (line 856)
  0x000001f0eab35e78: eaff e968 

  0x000001f0eab35e7c: ;   {internal_word}
  0x000001f0eab35e7c: fdff ff49 | ba5c 5cb3 | eaf0 0100 | 004d 8997 | 6804 0000 

  0x000001f0eab35e90: ;   {runtime_call SafepointBlob}
  0x000001f0eab35e90: e96b f8df | ff48 8bd2 

  0x000001f0eab35e98: ;   {runtime_call fast_new_instance Runtime1 stub}
  0x000001f0eab35e98: e863 b9ea 

  0x000001f0eab35e9c: ; ImmutableOopMap {r9=Oop [144]=Oop [160]=Oop [168]=Oop [200]=Oop }
                      ;*new {reexecute=0 rethrow=0 return_oop=0}
                      ; - jdk.internal.loader.BuiltinClassLoader::defineClass@95 (line 861)
  0x000001f0eab35e9c: ffe9 6dfe 

  0x000001f0eab35ea0: ;   {runtime_call throw_null_pointer_exception Runtime1 stub}
  0x000001f0eab35ea0: ffff e859 

  0x000001f0eab35ea4: ; ImmutableOopMap {rax=Oop [144]=Oop [160]=Oop [200]=Oop [208]=Oop }
                      ;*arraylength {reexecute=0 rethrow=0 return_oop=0}
                      ; - jdk.internal.loader.BuiltinClassLoader::defineClass@114 (line 862)
                      ;   {internal_word}
  0x000001f0eab35ea4: b0ea ff49 | baa4 5db3 | eaf0 0100 | 004d 8997 | 6804 0000 

  0x000001f0eab35eb8: ;   {runtime_call SafepointBlob}
  0x000001f0eab35eb8: e943 f8df | ff48 8d84 | 24e0 0000 | 0048 8904 

  0x000001f0eab35ec8: ;   {runtime_call monitorexit_nofpu Runtime1 stub}
  0x000001f0eab35ec8: 24e8 32e6 | eaff e927 | ffff ff49 | 8b87 0005 | 0000 49c7 | 8700 0500 | 0000 0000 | 0049 c787 
  0x000001f0eab35ee8: 0805 0000 | 0000 0000 | 4881 c400 | 0100 005d 

  0x000001f0eab35ef8: ;   {runtime_call unwind_exception Runtime1 stub}
  0x000001f0eab35ef8: e903 a1ea | fff4 f4f4 
[Stub Code]
  0x000001f0eab35f00: ;   {no_reloc}
  0x000001f0eab35f00: 0f1f 4400 

  0x000001f0eab35f04: ;   {static_stub}
  0x000001f0eab35f04: 0048 bb00 | 0000 0000 

  0x000001f0eab35f0c: ;   {runtime_call}
  0x000001f0eab35f0c: 0000 00e9 | fbff ffff 

  0x000001f0eab35f14: ;   {static_stub}
  0x000001f0eab35f14: 9048 bb00 | 0000 0000 

  0x000001f0eab35f1c: ;   {runtime_call}
  0x000001f0eab35f1c: 0000 00e9 | fbff ffff 

  0x000001f0eab35f24: ;   {static_stub}
  0x000001f0eab35f24: 9048 bb00 | 0000 0000 

  0x000001f0eab35f2c: ;   {runtime_call}
  0x000001f0eab35f2c: 0000 00e9 | fbff ffff 

  0x000001f0eab35f34: ;   {static_stub}
  0x000001f0eab35f34: 9048 bb00 | 0000 0000 

  0x000001f0eab35f3c: ;   {runtime_call}
  0x000001f0eab35f3c: 0000 00e9 | fbff ffff 

  0x000001f0eab35f44: ;   {static_stub}
  0x000001f0eab35f44: 9048 bb00 | 0000 0000 

  0x000001f0eab35f4c: ;   {runtime_call}
  0x000001f0eab35f4c: 0000 00e9 | fbff ffff 

  0x000001f0eab35f54: ;   {static_stub}
  0x000001f0eab35f54: 9048 bb00 | 0000 0000 

  0x000001f0eab35f5c: ;   {runtime_call}
  0x000001f0eab35f5c: 0000 00e9 | fbff ffff 

  0x000001f0eab35f64: ;   {static_stub}
  0x000001f0eab35f64: 9048 bb00 | 0000 0000 

  0x000001f0eab35f6c: ;   {runtime_call}
  0x000001f0eab35f6c: 0000 00e9 | fbff ffff 

  0x000001f0eab35f74: ;   {static_stub}
  0x000001f0eab35f74: 9048 bb00 | 0000 0000 

  0x000001f0eab35f7c: ;   {runtime_call}
  0x000001f0eab35f7c: 0000 00e9 | fbff ffff 

  0x000001f0eab35f84: ;   {static_stub}
  0x000001f0eab35f84: 48bb 403d | 4780 f001 

  0x000001f0eab35f8c: ;   {runtime_call I2C/C2I adapters}
  0x000001f0eab35f8c: 0000 e9d8 

  0x000001f0eab35f90: ;   {static_stub}
  0x000001f0eab35f90: 4ddf ff48 | bbd0 d004 | 80f0 0100 

  0x000001f0eab35f9c: ;   {runtime_call I2C/C2I adapters}
  0x000001f0eab35f9c: 00e9 45e2 

  0x000001f0eab35fa0: ;   {static_stub}
  0x000001f0eab35fa0: dfff 48bb | 0000 0000 | 0000 0000 

  0x000001f0eab35fac: ;   {runtime_call}
  0x000001f0eab35fac: e9fb ffff 

  0x000001f0eab35fb0: ;   {static_stub}
  0x000001f0eab35fb0: ff48 bb68 | a943 80f0 

  0x000001f0eab35fb8: ;   {runtime_call I2C/C2I adapters}
  0x000001f0eab35fb8: 0100 00e9 | b5b1 deff 

  0x000001f0eab35fc0: ;   {static_stub}
  0x000001f0eab35fc0: 48bb 0000 | 0000 0000 

  0x000001f0eab35fc8: ;   {runtime_call}
  0x000001f0eab35fc8: 0000 e9fb 

  0x000001f0eab35fcc: ;   {static_stub}
  0x000001f0eab35fcc: ffff ff48 | bb00 0000 | 0000 0000 

  0x000001f0eab35fd8: ;   {runtime_call}
  0x000001f0eab35fd8: 00e9 fbff 

  0x000001f0eab35fdc: ;   {static_stub}
  0x000001f0eab35fdc: ffff 48bb | 0000 0000 | 0000 0000 

  0x000001f0eab35fe8: ;   {runtime_call}
  0x000001f0eab35fe8: e9fb ffff 

  0x000001f0eab35fec: ;   {runtime_call handle_exception_from_callee Runtime1 stub}
  0x000001f0eab35fec: ffe8 0ecd 

  0x000001f0eab35ff0: ;   {external_word}
  0x000001f0eab35ff0: eaff 48b9 | b078 23af | f97f 0000 | 4883 e4f0 

  0x000001f0eab36000: ;   {runtime_call}
  0x000001f0eab36000: 48b8 9041 | ebae f97f | 0000 ffd0 

  0x000001f0eab3600c: ;   {section_word}
  0x000001f0eab3600c: f449 ba0d | 60b3 eaf0 | 0100 0041 

  0x000001f0eab36018: ;   {runtime_call DeoptimizationBlob}
  0x000001f0eab36018: 52e9 82e9 | dfff f4f4 
[/MachCode]


---------------  P R O C E S S  ---------------

Threads class SMR info:
_java_thread_list=0x000001f0f7db9320, length=12, elements={
0x000001f0e031cfe0, 0x000001f0f0ee8f00, 0x000001f0f0eeade0, 0x000001f0f0eebb00,
0x000001f0f0eef730, 0x000001f0f0ef0190, 0x000001f0f0ef3510, 0x000001f0f0ef1390,
0x000001f0f5159cf0, 0x000001f0f515ef60, 0x000001f0f611ef50, 0x000001f0f611db50
}

Java Threads: ( => current thread )
=>0x000001f0e031cfe0 JavaThread "main"                              [_thread_in_vm, id=6808, stack(0x0000005580b00000,0x0000005580c00000) (1024K)]
  0x000001f0f0ee8f00 JavaThread "Reference Handler"          daemon [_thread_blocked, id=5600, stack(0x0000005581300000,0x0000005581400000) (1024K)]
  0x000001f0f0eeade0 JavaThread "Finalizer"                  daemon [_thread_blocked, id=10896, stack(0x0000005581400000,0x0000005581500000) (1024K)]
  0x000001f0f0eebb00 JavaThread "Signal Dispatcher"          daemon [_thread_blocked, id=17868, stack(0x0000005581500000,0x0000005581600000) (1024K)]
  0x000001f0f0eef730 JavaThread "Attach Listener"            daemon [_thread_blocked, id=14384, stack(0x0000005581600000,0x0000005581700000) (1024K)]
  0x000001f0f0ef0190 JavaThread "Service Thread"             daemon [_thread_blocked, id=15348, stack(0x0000005581700000,0x0000005581800000) (1024K)]
  0x000001f0f0ef3510 JavaThread "Monitor Deflation Thread"   daemon [_thread_blocked, id=14968, stack(0x0000005581800000,0x0000005581900000) (1024K)]
  0x000001f0f0ef1390 JavaThread "C1 CompilerThread0"         daemon [_thread_blocked, id=9124, stack(0x0000005581900000,0x0000005581a00000) (1024K)]
  0x000001f0f5159cf0 JavaThread "Notification Thread"        daemon [_thread_blocked, id=16020, stack(0x0000005581a00000,0x0000005581b00000) (1024K)]
  0x000001f0f515ef60 JavaThread "Common-Cleaner"             daemon [_thread_blocked, id=12752, stack(0x0000005581b00000,0x0000005581c00000) (1024K)]
  0x000001f0f611ef50 JavaThread "Cleaner-0"                  daemon [_thread_blocked, id=1096, stack(0x0000005582000000,0x0000005582100000) (1024K)]
  0x000001f0f611db50 JavaThread "HikariPool-1:housekeeper"   daemon [_thread_blocked, id=10672, stack(0x0000005582100000,0x0000005582200000) (1024K)]
Total: 12

Other Threads:
  0x000001f0f0ed3590 VMThread "VM Thread"                           [id=15280, stack(0x0000005581200000,0x0000005581300000) (1024K)]
  0x000001f0f0ecc0d0 WatcherThread "VM Periodic Task Thread"        [id=15824, stack(0x0000005581100000,0x0000005581200000) (1024K)]
  0x000001f0e24796e0 WorkerThread "GC Thread#0"                     [id=15804, stack(0x0000005580c00000,0x0000005580d00000) (1024K)]
  0x000001f0f56c9a60 WorkerThread "GC Thread#1"                     [id=15168, stack(0x0000005581c00000,0x0000005581d00000) (1024K)]
  0x000001f0f56fc460 WorkerThread "GC Thread#2"                     [id=13896, stack(0x0000005581d00000,0x0000005581e00000) (1024K)]
  0x000001f0f56c0500 WorkerThread "GC Thread#3"                     [id=7644, stack(0x0000005581e00000,0x0000005581f00000) (1024K)]
  0x000001f0e2482310 ConcurrentGCThread "G1 Main Marker"            [id=3104, stack(0x0000005580d00000,0x0000005580e00000) (1024K)]
  0x000001f0e2482fd0 WorkerThread "G1 Conc#0"                       [id=2548, stack(0x0000005580e00000,0x0000005580f00000) (1024K)]
  0x000001f0e24dbfb0 ConcurrentGCThread "G1 Refine#0"               [id=17676, stack(0x0000005580f00000,0x0000005581000000) (1024K)]
  0x000001f0e24df700 ConcurrentGCThread "G1 Service"                [id=12244, stack(0x0000005581000000,0x0000005581100000) (1024K)]
Total: 10

Threads with active compile tasks:
Total: 0

VM state: not at safepoint (normal execution)

VM Mutex/Monitor currently owned by a thread:  ([mutex/lock_event])
[0x00007ff9af4cedf0] Metaspace_lock - owner thread: 0x000001f0e031cfe0

Heap address: 0x00000000c1e00000, size: 994 MB, Compressed Oops mode: 32-bit

CDS archive(s) mapped at: [0x000001f080000000-0x000001f080c90000-0x000001f080c90000), size 13172736, SharedBaseAddress: 0x000001f080000000, ArchiveRelocationMode: 1.
Compressed class space mapped at: 0x000001f081000000-0x000001f0c1000000, reserved size: 1073741824
Narrow klass base: 0x000001f080000000, Narrow klass shift: 0, Narrow klass range: 0x100000000

GC Precious Log:
 CardTable entry size: 512
 Card Set container configuration: InlinePtr #cards 5 size 8 Array Of Cards #cards 12 size 40 Howl #buckets 4 coarsen threshold 1843 Howl Bitmap #cards 512 size 80 coarsen threshold 460 Card regions per heap region 1 cards per card region 2048
 CPUs: 4 total, 4 available
 Memory: 3971M
 Large Page Support: Disabled
 NUMA Support: Disabled
 Compressed Oops: Enabled (32-bit)
 Heap Region Size: 1M
 Heap Min Capacity: 8M
 Heap Initial Capacity: 64M
 Heap Max Capacity: 994M
 Pre-touch: Disabled
 Parallel Workers: 4
 Concurrent Workers: 1
 Concurrent Refinement Workers: 4
 Periodic GC: Disabled

Heap:
 garbage-first heap   total 55296K, used 39371K [0x00000000c1e00000, 0x0000000100000000)
  region size 1024K, 11 young (11264K), 3 survivors (3072K)
 Metaspace       used 66489K, committed 67136K, reserved 1114112K
  class space    used 9468K, committed 9792K, reserved 1048576K

Heap Regions: E=young(eden), S=young(survivor), O=old, HS=humongous(starts), HC=humongous(continues), CS=collection set, F=free, TAMS=top-at-mark-start, PB=parsable bottom
|   0|0x00000000c1e00000, 0x00000000c1f00000, 0x00000000c1f00000|100%|HS|  |TAMS 0x00000000c1e00000| PB 0x00000000c1e00000| Complete 
|   1|0x00000000c1f00000, 0x00000000c2000000, 0x00000000c2000000|100%| O|  |TAMS 0x00000000c1f00000| PB 0x00000000c1f00000| Untracked 
|   2|0x00000000c2000000, 0x00000000c2100000, 0x00000000c2100000|100%| O|  |TAMS 0x00000000c2000000| PB 0x00000000c2000000| Untracked 
|   3|0x00000000c2100000, 0x00000000c2200000, 0x00000000c2200000|100%| O|  |TAMS 0x00000000c2100000| PB 0x00000000c2100000| Untracked 
|   4|0x00000000c2200000, 0x00000000c2300000, 0x00000000c2300000|100%| O|  |TAMS 0x00000000c2200000| PB 0x00000000c2200000| Untracked 
|   5|0x00000000c2300000, 0x00000000c2400000, 0x00000000c2400000|100%| O|  |TAMS 0x00000000c2300000| PB 0x00000000c2300000| Untracked 
|   6|0x00000000c2400000, 0x00000000c2500000, 0x00000000c2500000|100%| O|  |TAMS 0x00000000c2400000| PB 0x00000000c2400000| Untracked 
|   7|0x00000000c2500000, 0x00000000c2600000, 0x00000000c2600000|100%| O|  |TAMS 0x00000000c2500000| PB 0x00000000c2500000| Untracked 
|   8|0x00000000c2600000, 0x00000000c2700000, 0x00000000c2700000|100%| O|  |TAMS 0x00000000c2600000| PB 0x00000000c2600000| Untracked 
|   9|0x00000000c2700000, 0x00000000c2800000, 0x00000000c2800000|100%| O|  |TAMS 0x00000000c2700000| PB 0x00000000c2700000| Untracked 
|  10|0x00000000c2800000, 0x00000000c2900000, 0x00000000c2900000|100%| O|  |TAMS 0x00000000c2800000| PB 0x00000000c2800000| Untracked 
|  11|0x00000000c2900000, 0x00000000c2a00000, 0x00000000c2a00000|100%| O|  |TAMS 0x00000000c2900000| PB 0x00000000c2900000| Untracked 
|  12|0x00000000c2a00000, 0x00000000c2b00000, 0x00000000c2b00000|100%| O|  |TAMS 0x00000000c2a00000| PB 0x00000000c2a00000| Untracked 
|  13|0x00000000c2b00000, 0x00000000c2c00000, 0x00000000c2c00000|100%| O|  |TAMS 0x00000000c2b00000| PB 0x00000000c2b00000| Untracked 
|  14|0x00000000c2c00000, 0x00000000c2d00000, 0x00000000c2d00000|100%| O|  |TAMS 0x00000000c2c00000| PB 0x00000000c2c00000| Untracked 
|  15|0x00000000c2d00000, 0x00000000c2e00000, 0x00000000c2e00000|100%| O|  |TAMS 0x00000000c2d00000| PB 0x00000000c2d00000| Untracked 
|  16|0x00000000c2e00000, 0x00000000c2f00000, 0x00000000c2f00000|100%| O|  |TAMS 0x00000000c2e00000| PB 0x00000000c2e00000| Untracked 
|  17|0x00000000c2f00000, 0x00000000c3000000, 0x00000000c3000000|100%| O|  |TAMS 0x00000000c2f00000| PB 0x00000000c2f00000| Untracked 
|  18|0x00000000c3000000, 0x00000000c3100000, 0x00000000c3100000|100%| O|  |TAMS 0x00000000c3000000| PB 0x00000000c3000000| Untracked 
|  19|0x00000000c3100000, 0x00000000c3200000, 0x00000000c3200000|100%| O|  |TAMS 0x00000000c3100000| PB 0x00000000c3100000| Untracked 
|  20|0x00000000c3200000, 0x00000000c3300000, 0x00000000c3300000|100%| O|  |TAMS 0x00000000c3200000| PB 0x00000000c3200000| Untracked 
|  21|0x00000000c3300000, 0x00000000c3400000, 0x00000000c3400000|100%| O|  |TAMS 0x00000000c3300000| PB 0x00000000c3300000| Untracked 
|  22|0x00000000c3400000, 0x00000000c3500000, 0x00000000c3500000|100%| O|  |TAMS 0x00000000c3400000| PB 0x00000000c3400000| Untracked 
|  23|0x00000000c3500000, 0x00000000c3600000, 0x00000000c3600000|100%| O|  |TAMS 0x00000000c3500000| PB 0x00000000c3500000| Untracked 
|  24|0x00000000c3600000, 0x00000000c3700000, 0x00000000c3700000|100%| O|  |TAMS 0x00000000c3600000| PB 0x00000000c3600000| Untracked 
|  25|0x00000000c3700000, 0x00000000c3800000, 0x00000000c3800000|100%| O|  |TAMS 0x00000000c3700000| PB 0x00000000c3700000| Untracked 
|  26|0x00000000c3800000, 0x00000000c3900000, 0x00000000c3900000|100%| O|  |TAMS 0x00000000c3800000| PB 0x00000000c3800000| Untracked 
|  27|0x00000000c3900000, 0x00000000c3a00000, 0x00000000c3a00000|100%| O|  |TAMS 0x00000000c3900000| PB 0x00000000c3900000| Untracked 
|  28|0x00000000c3a00000, 0x00000000c3a00000, 0x00000000c3b00000|  0%| F|  |TAMS 0x00000000c3a00000| PB 0x00000000c3a00000| Untracked 
|  29|0x00000000c3b00000, 0x00000000c3c00000, 0x00000000c3c00000|100%| O|  |TAMS 0x00000000c3b00000| PB 0x00000000c3b00000| Untracked 
|  30|0x00000000c3c00000, 0x00000000c3c33fe0, 0x00000000c3d00000| 20%| O|  |TAMS 0x00000000c3c00000| PB 0x00000000c3c00000| Untracked 
|  31|0x00000000c3d00000, 0x00000000c3d00000, 0x00000000c3e00000|  0%| F|  |TAMS 0x00000000c3d00000| PB 0x00000000c3d00000| Untracked 
|  32|0x00000000c3e00000, 0x00000000c3e00000, 0x00000000c3f00000|  0%| F|  |TAMS 0x00000000c3e00000| PB 0x00000000c3e00000| Untracked 
|  33|0x00000000c3f00000, 0x00000000c3f00000, 0x00000000c4000000|  0%| F|  |TAMS 0x00000000c3f00000| PB 0x00000000c3f00000| Untracked 
|  34|0x00000000c4000000, 0x00000000c4000000, 0x00000000c4100000|  0%| F|  |TAMS 0x00000000c4000000| PB 0x00000000c4000000| Untracked 
|  35|0x00000000c4100000, 0x00000000c413ec70, 0x00000000c4200000| 24%| S|CS|TAMS 0x00000000c4100000| PB 0x00000000c4100000| Complete 
|  36|0x00000000c4200000, 0x00000000c4300000, 0x00000000c4300000|100%| S|CS|TAMS 0x00000000c4200000| PB 0x00000000c4200000| Complete 
|  37|0x00000000c4300000, 0x00000000c4400000, 0x00000000c4400000|100%| S|CS|TAMS 0x00000000c4300000| PB 0x00000000c4300000| Complete 
|  38|0x00000000c4400000, 0x00000000c4400000, 0x00000000c4500000|  0%| F|  |TAMS 0x00000000c4400000| PB 0x00000000c4400000| Untracked 
|  39|0x00000000c4500000, 0x00000000c4500000, 0x00000000c4600000|  0%| F|  |TAMS 0x00000000c4500000| PB 0x00000000c4500000| Untracked 
|  40|0x00000000c4600000, 0x00000000c4600000, 0x00000000c4700000|  0%| F|  |TAMS 0x00000000c4600000| PB 0x00000000c4600000| Untracked 
|  41|0x00000000c4700000, 0x00000000c4700000, 0x00000000c4800000|  0%| F|  |TAMS 0x00000000c4700000| PB 0x00000000c4700000| Untracked 
|  42|0x00000000c4800000, 0x00000000c4800000, 0x00000000c4900000|  0%| F|  |TAMS 0x00000000c4800000| PB 0x00000000c4800000| Untracked 
|  43|0x00000000c4900000, 0x00000000c4900000, 0x00000000c4a00000|  0%| F|  |TAMS 0x00000000c4900000| PB 0x00000000c4900000| Untracked 
|  44|0x00000000c4a00000, 0x00000000c4a00000, 0x00000000c4b00000|  0%| F|  |TAMS 0x00000000c4a00000| PB 0x00000000c4a00000| Untracked 
|  45|0x00000000c4b00000, 0x00000000c4b00000, 0x00000000c4c00000|  0%| F|  |TAMS 0x00000000c4b00000| PB 0x00000000c4b00000| Untracked 
|  46|0x00000000c4c00000, 0x00000000c4cee408, 0x00000000c4d00000| 93%| E|  |TAMS 0x00000000c4c00000| PB 0x00000000c4c00000| Complete 
|  47|0x00000000c4d00000, 0x00000000c4e00000, 0x00000000c4e00000|100%| E|CS|TAMS 0x00000000c4d00000| PB 0x00000000c4d00000| Complete 
|  48|0x00000000c4e00000, 0x00000000c4f00000, 0x00000000c4f00000|100%| E|CS|TAMS 0x00000000c4e00000| PB 0x00000000c4e00000| Complete 
|  49|0x00000000c4f00000, 0x00000000c5000000, 0x00000000c5000000|100%| E|CS|TAMS 0x00000000c4f00000| PB 0x00000000c4f00000| Complete 
|  50|0x00000000c5000000, 0x00000000c5100000, 0x00000000c5100000|100%| E|CS|TAMS 0x00000000c5000000| PB 0x00000000c5000000| Complete 
|  51|0x00000000c5100000, 0x00000000c5200000, 0x00000000c5200000|100%| E|CS|TAMS 0x00000000c5100000| PB 0x00000000c5100000| Complete 
|  55|0x00000000c5500000, 0x00000000c5600000, 0x00000000c5600000|100%| E|CS|TAMS 0x00000000c5500000| PB 0x00000000c5500000| Complete 
|  63|0x00000000c5d00000, 0x00000000c5e00000, 0x00000000c5e00000|100%| E|CS|TAMS 0x00000000c5d00000| PB 0x00000000c5d00000| Complete 

Card table byte_map: [0x000001f0ed8e0000,0x000001f0edae0000] _byte_map_base: 0x000001f0ed2d1000

Marking Bits: (CMBitMap*) 0x000001f0e2479df0
 Bits: [0x000001f0edae0000, 0x000001f0eea68000)

Polling page: 0x000001f0e0430000

Metaspace:

Usage:
  Non-class:     55.68 MB used.
      Class:      9.25 MB used.
       Both:     64.93 MB used.

Virtual space:
  Non-class space:       64.00 MB reserved,      56.00 MB ( 88%) committed,  1 nodes.
      Class space:        1.00 GB reserved,       9.56 MB ( <1%) committed,  1 nodes.
             Both:        1.06 GB reserved,      65.56 MB (  6%) committed. 

Chunk freelists:
   Non-Class:  7.11 MB
       Class:  6.33 MB
        Both:  13.44 MB

MaxMetaspaceSize: unlimited
CompressedClassSpaceSize: 1.00 GB
Initial GC threshold: 21.00 MB
Current GC threshold: 102.12 MB
CDS: on
 - commit_granule_bytes: 65536.
 - commit_granule_words: 8192.
 - virtual_space_node_default_size: 8388608.
 - enlarge_chunks_in_place: 1.
 - use_allocation_guard: 0.


Internal statistics:

num_allocs_failed_limit: 6.
num_arena_births: 978.
num_arena_deaths: 52.
num_vsnodes_births: 2.
num_vsnodes_deaths: 0.
num_space_committed: 1049.
num_space_uncommitted: 0.
num_chunks_returned_to_freelist: 67.
num_chunks_taken_from_freelist: 3471.
num_chunk_merges: 13.
num_chunk_splits: 2548.
num_chunks_enlarged: 2035.
num_inconsistent_stats: 0.

CodeCache: size=49152Kb used=11721Kb max_used=11721Kb free=37430Kb
 bounds [0x000001f0ea8e0000, 0x000001f0eb460000, 0x000001f0ed8e0000]
 total_blobs=7625 nmethods=6924 adapters=622
 compilation: enabled
              stopped_count=0, restarted_count=0
 full_count=0

Compilation events (20 events):
Event: 33.027 Thread 0x000001f0f0ef1390 6989       1       java.time.temporal.ValueRange::getMaximum (5 bytes)
Event: 33.027 Thread 0x000001f0f0ef1390 nmethod 6989 0x000001f0eb44fa10 code [0x000001f0eb44fba0, 0x000001f0eb44fc68]
Event: 33.027 Thread 0x000001f0f0ef1390 6992       1       java.lang.invoke.LambdaFormEditor$TransformKey::of (95 bytes)
Event: 33.027 Thread 0x000001f0f0ef1390 nmethod 6992 0x000001f0eb44fd10 code [0x000001f0eb44fee0, 0x000001f0eb450250]
Event: 33.033 Thread 0x000001f0f0ef1390 6993       1       org.hibernate.service.spi.ServiceBinding::getLifecycleOwner (5 bytes)
Event: 33.033 Thread 0x000001f0f0ef1390 nmethod 6993 0x000001f0eb450410 code [0x000001f0eb4505a0, 0x000001f0eb450668]
Event: 33.042 Thread 0x000001f0f0ef1390 6994       1       java.lang.StringBuilder::append (8 bytes)
Event: 33.042 Thread 0x000001f0f0ef1390 nmethod 6994 0x000001f0eb450710 code [0x000001f0eb4508c0, 0x000001f0eb4509b8]
Event: 33.042 Thread 0x000001f0f0ef1390 6995       1       java.lang.AbstractStringBuilder::append (60 bytes)
Event: 33.042 Thread 0x000001f0f0ef1390 nmethod 6995 0x000001f0eb450a90 code [0x000001f0eb450c60, 0x000001f0eb450e28]
Event: 33.044 Thread 0x000001f0f0ef1390 6996       1       java.lang.invoke.LambdaFormEditor::foldArgumentsForm (95 bytes)
Event: 33.044 Thread 0x000001f0f0ef1390 nmethod 6996 0x000001f0eb450f10 code [0x000001f0eb4510e0, 0x000001f0eb4512d8]
Event: 33.044 Thread 0x000001f0f0ef1390 6997       1       java.lang.invoke.DirectMethodHandle$Holder::invokeStatic (26 bytes)
Event: 33.044 Thread 0x000001f0f0ef1390 nmethod 6997 0x000001f0eb451410 code [0x000001f0eb4515c0, 0x000001f0eb451700]
Event: 33.044 Thread 0x000001f0f0ef1390 6998       1       java.lang.invoke.BoundMethodHandle$Species_LLLLL::make (18 bytes)
Event: 33.044 Thread 0x000001f0f0ef1390 nmethod 6998 0x000001f0eb451810 code [0x000001f0eb4519c0, 0x000001f0eb451b30]
Event: 33.044 Thread 0x000001f0f0ef1390 6999       1       java.lang.invoke.BoundMethodHandle$Species_LLLLL::<init> (36 bytes)
Event: 33.045 Thread 0x000001f0f0ef1390 nmethod 6999 0x000001f0eb451c10 code [0x000001f0eb451dc0, 0x000001f0eb4520b0]
Event: 33.048 Thread 0x000001f0f0ef1390 7000       1       ch.qos.logback.core.pattern.DynamicConverter::getOptionList (5 bytes)
Event: 33.048 Thread 0x000001f0f0ef1390 nmethod 7000 0x000001f0eb452190 code [0x000001f0eb452320, 0x000001f0eb4523e8]

GC Heap History (20 events):
Event: 17.180 GC heap before
{Heap before GC invocations=9 (full 0):
 garbage-first heap   total 55296K, used 44353K [0x00000000c1e00000, 0x0000000100000000)
  region size 1024K, 28 young (28672K), 4 survivors (4096K)
 Metaspace       used 35430K, committed 35968K, reserved 1114112K
  class space    used 4813K, committed 5056K, reserved 1048576K
}
Event: 17.202 GC heap after
{Heap after GC invocations=10 (full 0):
 garbage-first heap   total 55296K, used 22775K [0x00000000c1e00000, 0x0000000100000000)
  region size 1024K, 4 young (4096K), 4 survivors (4096K)
 Metaspace       used 35430K, committed 35968K, reserved 1114112K
  class space    used 4813K, committed 5056K, reserved 1048576K
}
Event: 19.384 GC heap before
{Heap before GC invocations=11 (full 0):
 garbage-first heap   total 55296K, used 46327K [0x00000000c1e00000, 0x0000000100000000)
  region size 1024K, 27 young (27648K), 4 survivors (4096K)
 Metaspace       used 39485K, committed 40128K, reserved 1114112K
  class space    used 5318K, committed 5568K, reserved 1048576K
}
Event: 19.404 GC heap after
{Heap after GC invocations=12 (full 0):
 garbage-first heap   total 55296K, used 24645K [0x00000000c1e00000, 0x0000000100000000)
  region size 1024K, 2 young (2048K), 2 survivors (2048K)
 Metaspace       used 39485K, committed 40128K, reserved 1114112K
  class space    used 5318K, committed 5568K, reserved 1048576K
}
Event: 21.220 GC heap before
{Heap before GC invocations=12 (full 0):
 garbage-first heap   total 55296K, used 47173K [0x00000000c1e00000, 0x0000000100000000)
  region size 1024K, 24 young (24576K), 2 survivors (2048K)
 Metaspace       used 44758K, committed 45440K, reserved 1114112K
  class space    used 6301K, committed 6592K, reserved 1048576K
}
Event: 21.235 GC heap after
{Heap after GC invocations=13 (full 0):
 garbage-first heap   total 55296K, used 26245K [0x00000000c1e00000, 0x0000000100000000)
  region size 1024K, 2 young (2048K), 2 survivors (2048K)
 Metaspace       used 44758K, committed 45440K, reserved 1114112K
  class space    used 6301K, committed 6592K, reserved 1048576K
}
Event: 23.795 GC heap before
{Heap before GC invocations=13 (full 0):
 garbage-first heap   total 55296K, used 47749K [0x00000000c1e00000, 0x0000000100000000)
  region size 1024K, 24 young (24576K), 2 survivors (2048K)
 Metaspace       used 50934K, committed 51520K, reserved 1114112K
  class space    used 7112K, committed 7360K, reserved 1048576K
}
Event: 23.806 GC heap after
{Heap after GC invocations=14 (full 0):
 garbage-first heap   total 55296K, used 27907K [0x00000000c1e00000, 0x0000000100000000)
  region size 1024K, 3 young (3072K), 3 survivors (3072K)
 Metaspace       used 50934K, committed 51520K, reserved 1114112K
  class space    used 7112K, committed 7360K, reserved 1048576K
}
Event: 25.619 GC heap before
{Heap before GC invocations=14 (full 0):
 garbage-first heap   total 55296K, used 46339K [0x00000000c1e00000, 0x0000000100000000)
  region size 1024K, 22 young (22528K), 3 survivors (3072K)
 Metaspace       used 53585K, committed 54208K, reserved 1114112K
  class space    used 7432K, committed 7680K, reserved 1048576K
}
Event: 25.635 GC heap after
{Heap after GC invocations=15 (full 0):
 garbage-first heap   total 55296K, used 29491K [0x00000000c1e00000, 0x0000000100000000)
  region size 1024K, 3 young (3072K), 3 survivors (3072K)
 Metaspace       used 53585K, committed 54208K, reserved 1114112K
  class space    used 7432K, committed 7680K, reserved 1048576K
}
Event: 26.817 GC heap before
{Heap before GC invocations=16 (full 0):
 garbage-first heap   total 55296K, used 46899K [0x00000000c1e00000, 0x0000000100000000)
  region size 1024K, 21 young (21504K), 3 survivors (3072K)
 Metaspace       used 55766K, committed 56384K, reserved 1114112K
  class space    used 7745K, committed 8000K, reserved 1048576K
}
Event: 26.829 GC heap after
{Heap after GC invocations=17 (full 0):
 garbage-first heap   total 55296K, used 30720K [0x00000000c1e00000, 0x0000000100000000)
  region size 1024K, 1 young (1024K), 1 survivors (1024K)
 Metaspace       used 55766K, committed 56384K, reserved 1114112K
  class space    used 7745K, committed 8000K, reserved 1048576K
}
Event: 28.852 GC heap before
{Heap before GC invocations=17 (full 0):
 garbage-first heap   total 55296K, used 49152K [0x00000000c1e00000, 0x0000000100000000)
  region size 1024K, 20 young (20480K), 1 survivors (1024K)
 Metaspace       used 61379K, committed 62080K, reserved 1114112K
  class space    used 8690K, committed 9024K, reserved 1048576K
}
Event: 28.861 GC heap after
{Heap after GC invocations=18 (full 0):
 garbage-first heap   total 55296K, used 31016K [0x00000000c1e00000, 0x0000000100000000)
  region size 1024K, 2 young (2048K), 2 survivors (2048K)
 Metaspace       used 61379K, committed 62080K, reserved 1114112K
  class space    used 8690K, committed 9024K, reserved 1048576K
}
Event: 30.593 GC heap before
{Heap before GC invocations=18 (full 0):
 garbage-first heap   total 55296K, used 48424K [0x00000000c1e00000, 0x0000000100000000)
  region size 1024K, 19 young (19456K), 2 survivors (2048K)
 Metaspace       used 62009K, committed 62720K, reserved 1114112K
  class space    used 8801K, committed 9152K, reserved 1048576K
}
Event: 30.602 GC heap after
{Heap after GC invocations=19 (full 0):
 garbage-first heap   total 55296K, used 31412K [0x00000000c1e00000, 0x0000000100000000)
  region size 1024K, 2 young (2048K), 2 survivors (2048K)
 Metaspace       used 62009K, committed 62720K, reserved 1114112K
  class space    used 8801K, committed 9152K, reserved 1048576K
}
Event: 31.384 GC heap before
{Heap before GC invocations=20 (full 0):
 garbage-first heap   total 55296K, used 48820K [0x00000000c1e00000, 0x0000000100000000)
  region size 1024K, 19 young (19456K), 2 survivors (2048K)
 Metaspace       used 62069K, committed 62720K, reserved 1114112K
  class space    used 8810K, committed 9152K, reserved 1048576K
}
Event: 31.391 GC heap after
{Heap after GC invocations=21 (full 0):
 garbage-first heap   total 55296K, used 31446K [0x00000000c1e00000, 0x0000000100000000)
  region size 1024K, 2 young (2048K), 2 survivors (2048K)
 Metaspace       used 62069K, committed 62720K, reserved 1114112K
  class space    used 8810K, committed 9152K, reserved 1048576K
}
Event: 32.242 GC heap before
{Heap before GC invocations=21 (full 0):
 garbage-first heap   total 55296K, used 47830K [0x00000000c1e00000, 0x0000000100000000)
  region size 1024K, 18 young (18432K), 2 survivors (2048K)
 Metaspace       used 64753K, committed 65408K, reserved 1114112K
  class space    used 9213K, committed 9536K, reserved 1048576K
}
Event: 32.251 GC heap after
{Heap after GC invocations=22 (full 0):
 garbage-first heap   total 55296K, used 32203K [0x00000000c1e00000, 0x0000000100000000)
  region size 1024K, 3 young (3072K), 3 survivors (3072K)
 Metaspace       used 64753K, committed 65408K, reserved 1114112K
  class space    used 9213K, committed 9536K, reserved 1048576K
}

Dll operation events (9 events):
Event: 0.050 Loaded shared library C:\Program Files\Java\jdk-21\bin\java.dll
Event: 0.761 Loaded shared library C:\Program Files\Java\jdk-21\bin\net.dll
Event: 0.798 Loaded shared library C:\Program Files\Java\jdk-21\bin\nio.dll
Event: 0.818 Loaded shared library C:\Program Files\Java\jdk-21\bin\zip.dll
Event: 2.119 Loaded shared library C:\Program Files\Java\jdk-21\bin\jimage.dll
Event: 8.343 Loaded shared library C:\Program Files\Java\jdk-21\bin\sunmscapi.dll
Event: 17.386 Loaded shared library C:\Program Files\Java\jdk-21\bin\management.dll
Event: 17.397 Loaded shared library C:\Program Files\Java\jdk-21\bin\management_ext.dll
Event: 22.338 Loaded shared library C:\Program Files\Java\jdk-21\bin\extnet.dll

Deoptimization events (2 events):
Event: 29.081 Thread 0x000001f0e031cfe0 DEOPT PACKING pc=0x000001f0eb2aa1dc sp=0x0000005580bf9030
Event: 29.082 Thread 0x000001f0e031cfe0 DEOPT UNPACKING pc=0x000001f0ea934e42 sp=0x0000005580bf84c8 mode 0

Classes loaded (20 events):
Event: 26.193 Loading class java/util/WeakHashMap$EntrySet
Event: 26.194 Loading class java/util/WeakHashMap$EntrySet done
Event: 26.194 Loading class java/util/WeakHashMap$EntryIterator
Event: 26.194 Loading class java/util/WeakHashMap$HashIterator
Event: 26.195 Loading class java/util/WeakHashMap$HashIterator done
Event: 26.195 Loading class java/util/WeakHashMap$EntryIterator done
Event: 27.609 Loading class java/util/concurrent/CancellationException
Event: 27.609 Loading class java/util/concurrent/CancellationException done
Event: 28.274 Loading class java/util/ArrayList$ListItr
Event: 28.275 Loading class java/util/ArrayList$ListItr done
Event: 28.482 Loading class java/util/AbstractList$SubList
Event: 28.483 Loading class java/util/AbstractList$SubList done
Event: 29.161 Loading class java/lang/foreign/ValueLayout
Event: 29.162 Loading class java/lang/foreign/MemoryLayout
Event: 29.163 Loading class java/lang/foreign/MemoryLayout done
Event: 29.163 Loading class java/lang/foreign/ValueLayout done
Event: 33.019 Loading class java/text/MessageFormat$Field
Event: 33.019 Loading class java/text/MessageFormat$Field done
Event: 33.074 Loading class javax/net/ssl/SSLException
Event: 33.075 Loading class javax/net/ssl/SSLException done

Classes unloaded (20 events):
Event: 25.734 Thread 0x000001f0f0ed3590 Unloading class 0x000001f081029400 'java/lang/invoke/LambdaForm$MH+0x000001f081029400'
Event: 25.734 Thread 0x000001f0f0ed3590 Unloading class 0x000001f081028800 'java/lang/invoke/LambdaForm$MH+0x000001f081028800'
Event: 25.734 Thread 0x000001f0f0ed3590 Unloading class 0x000001f081028000 'java/lang/invoke/LambdaForm$MH+0x000001f081028000'
Event: 30.708 Thread 0x000001f0f0ed3590 Unloading class 0x000001f0811aa000 'java/lang/invoke/LambdaForm$MH+0x000001f0811aa000'
Event: 30.708 Thread 0x000001f0f0ed3590 Unloading class 0x000001f0811a9400 'java/lang/invoke/LambdaForm$MH+0x000001f0811a9400'
Event: 30.708 Thread 0x000001f0f0ed3590 Unloading class 0x000001f0811a8400 'java/lang/invoke/LambdaForm$MH+0x000001f0811a8400'
Event: 30.708 Thread 0x000001f0f0ed3590 Unloading class 0x000001f0811a8000 'java/lang/invoke/LambdaForm$MH+0x000001f0811a8000'
Event: 30.708 Thread 0x000001f0f0ed3590 Unloading class 0x000001f0811a5400 'java/lang/invoke/LambdaForm$MH+0x000001f0811a5400'
Event: 30.708 Thread 0x000001f0f0ed3590 Unloading class 0x000001f0811a4400 'java/lang/invoke/LambdaForm$MH+0x000001f0811a4400'
Event: 30.708 Thread 0x000001f0f0ed3590 Unloading class 0x000001f08117a400 'java/lang/invoke/LambdaForm$MH+0x000001f08117a400'
Event: 30.708 Thread 0x000001f0f0ed3590 Unloading class 0x000001f081138000 'java/lang/invoke/LambdaForm$DMH+0x000001f081138000'
Event: 30.708 Thread 0x000001f0f0ed3590 Unloading class 0x000001f081137800 'java/lang/invoke/LambdaForm$DMH+0x000001f081137800'
Event: 30.708 Thread 0x000001f0f0ed3590 Unloading class 0x000001f081137000 'java/lang/invoke/LambdaForm$DMH+0x000001f081137000'
Event: 30.708 Thread 0x000001f0f0ed3590 Unloading class 0x000001f081132800 'java/lang/invoke/LambdaForm$DMH+0x000001f081132800'
Event: 30.708 Thread 0x000001f0f0ed3590 Unloading class 0x000001f08110e400 'java/lang/invoke/LambdaForm$MH+0x000001f08110e400'
Event: 30.708 Thread 0x000001f0f0ed3590 Unloading class 0x000001f081100c00 'java/lang/invoke/LambdaForm$MH+0x000001f081100c00'
Event: 30.708 Thread 0x000001f0f0ed3590 Unloading class 0x000001f081100800 'java/lang/invoke/LambdaForm$MH+0x000001f081100800'
Event: 30.708 Thread 0x000001f0f0ed3590 Unloading class 0x000001f0810c5400 'java/lang/invoke/LambdaForm$DMH+0x000001f0810c5400'
Event: 30.708 Thread 0x000001f0f0ed3590 Unloading class 0x000001f0810c4000 'java/lang/invoke/LambdaForm$DMH+0x000001f0810c4000'
Event: 30.708 Thread 0x000001f0f0ed3590 Unloading class 0x000001f08102b800 'java/lang/invoke/LambdaForm$MH+0x000001f08102b800'

Classes redefined (0 events):
No events

Internal exceptions (20 events):
Event: 25.233 Thread 0x000001f0e031cfe0 Exception <a 'java/lang/NoSuchMethodError'{0x00000000c43466b0}: 'void java.lang.invoke.DirectMethodHandle$Holder.invokeSpecial(java.lang.Object, java.lang.Object, int, java.lang.Object)'> (0x00000000c43466b0) 
thrown [s\open\src\hotspot\share\interpreter\linkResolver.cpp, line 773]
Event: 26.556 Thread 0x000001f0e031cfe0 Exception <a 'java/lang/NoSuchMethodError'{0x00000000c45c1fb0}: 'java.lang.Object java.lang.invoke.Invokers$Holder.invoke_MT(java.lang.Object, java.lang.Object, java.lang.Object, java.lang.Object, java.lang.Object, java.lang.Object, java.lang.Object, java.lang.Object, java.lang.Object, java.lang.Object, java.lang.Object)'> (0x00000000c45c1fb0) 
thrown [s\open\src\hotspot\share\interpreter\linkResolver.cpp, line 773]
Event: 26.592 Thread 0x000001f0e031cfe0 Exception <a 'java/lang/IncompatibleClassChangeError'{0x00000000c4459470}: Found class java.lang.Object, but interface was expected> (0x00000000c4459470) 
thrown [s\open\src\hotspot\share\interpreter\linkResolver.cpp, line 840]
Event: 26.634 Thread 0x000001f0e031cfe0 Exception <a 'java/lang/NoSuchMethodError'{0x00000000c4330428}: 'java.lang.Object java.lang.invoke.DirectMethodHandle$Holder.invokeStaticInit(java.lang.Object, java.lang.Object, int, java.lang.Object)'> (0x00000000c4330428) 
thrown [s\open\src\hotspot\share\interpreter\linkResolver.cpp, line 773]
Event: 26.808 Thread 0x000001f0e031cfe0 Exception <a 'java/lang/NoSuchMethodError'{0x00000000c42da218}: 'void java.lang.invoke.DirectMethodHandle$Holder.invokeStaticInit(java.lang.Object, java.lang.Object, java.lang.Object, java.lang.Object, java.lang.Object)'> (0x00000000c42da218) 
thrown [s\open\src\hotspot\share\interpreter\linkResolver.cpp, line 773]
Event: 31.632 Thread 0x000001f0e031cfe0 Exception <a 'java/lang/NoSuchMethodError'{0x00000000c4dd7410}: 'void java.lang.invoke.DirectMethodHandle$Holder.invokeSpecial(java.lang.Object, java.lang.Object, java.lang.Object, java.lang.Object, java.lang.Object, int, java.lang.Object, java.lang.Object)'> (0x00000000c4dd7410) 
thrown [s\open\src\hotspot\share\interpreter\linkResolver.cpp, line 773]
Event: 31.636 Thread 0x000001f0e031cfe0 Exception <a 'java/lang/NoSuchMethodError'{0x00000000c4df2c28}: 'void java.lang.invoke.DirectMethodHandle$Holder.invokeStaticInit(java.lang.Object, int, java.lang.Object, java.lang.Object, java.lang.Object, java.lang.Object)'> (0x00000000c4df2c28) 
thrown [s\open\src\hotspot\share\interpreter\linkResolver.cpp, line 773]
Event: 31.744 Thread 0x000001f0e031cfe0 Exception <a 'java/lang/NoSuchMethodError'{0x00000000c4b0ef70}: 'int java.lang.invoke.DirectMethodHandle$Holder.invokeStatic(java.lang.Object, java.lang.Object, java.lang.Object, java.lang.Object, java.lang.Object, java.lang.Object)'> (0x00000000c4b0ef70) 
thrown [s\open\src\hotspot\share\interpreter\linkResolver.cpp, line 773]
Event: 31.750 Thread 0x000001f0e031cfe0 Exception <a 'java/lang/NoSuchMethodError'{0x00000000c4b2a318}: 'int java.lang.invoke.DirectMethodHandle$Holder.invokeStatic(java.lang.Object, java.lang.Object, java.lang.Object, java.lang.Object, java.lang.Object)'> (0x00000000c4b2a318) 
thrown [s\open\src\hotspot\share\interpreter\linkResolver.cpp, line 773]
Event: 31.751 Thread 0x000001f0e031cfe0 Exception <a 'java/lang/NoSuchMethodError'{0x00000000c4b3c340}: 'java.lang.Object java.lang.invoke.DirectMethodHandle$Holder.newInvokeSpecial(java.lang.Object, java.lang.Object, java.lang.Object, java.lang.Object, java.lang.Object, java.lang.Object, java.lang.Object)'> (0x00000000c4b3c340) 
thrown [s\open\src\hotspot\share\interpreter\linkResolver.cpp, line 773]
Event: 31.813 Thread 0x000001f0e031cfe0 Exception <a 'java/lang/NoSuchMethodError'{0x00000000c4a29990}: 'void java.lang.invoke.DirectMethodHandle$Holder.invokeInterface(java.lang.Object, java.lang.Object, int, java.lang.Object)'> (0x00000000c4a29990) 
thrown [s\open\src\hotspot\share\interpreter\linkResolver.cpp, line 773]
Event: 31.823 Thread 0x000001f0e031cfe0 Exception <a 'java/lang/NoSuchMethodError'{0x00000000c4a5a2f8}: 'java.lang.Object java.lang.invoke.DirectMethodHandle$Holder.newInvokeSpecial(java.lang.Object, java.lang.Object, int, java.lang.Object)'> (0x00000000c4a5a2f8) 
thrown [s\open\src\hotspot\share\interpreter\linkResolver.cpp, line 773]
Event: 31.851 Thread 0x000001f0e031cfe0 Exception <a 'java/lang/NoSuchMethodError'{0x00000000c4ada7a8}: 'void java.lang.invoke.DirectMethodHandle$Holder.invokeSpecial(java.lang.Object, java.lang.Object, java.lang.Object, java.lang.Object, java.lang.Object, java.lang.Object, java.lang.Object, java.lang.Object)'> (0x00000000c4ada7a8) 
thrown [s\open\src\hotspot\share\interpreter\linkResolver.cpp, line 773]
Event: 31.866 Thread 0x000001f0e031cfe0 Exception <a 'java/lang/IncompatibleClassChangeError'{0x00000000c4920718}: Found class java.lang.Object, but interface was expected> (0x00000000c4920718) 
thrown [s\open\src\hotspot\share\interpreter\linkResolver.cpp, line 840]
Event: 31.944 Thread 0x000001f0e031cfe0 Exception <a 'java/lang/NoSuchMethodError'{0x00000000c488cec0}: 'int java.lang.invoke.DirectMethodHandle$Holder.invokeStatic(java.lang.Object, int, java.lang.Object)'> (0x00000000c488cec0) 
thrown [s\open\src\hotspot\share\interpreter\linkResolver.cpp, line 773]
Event: 31.958 Thread 0x000001f0e031cfe0 Exception <a 'java/lang/NoSuchMethodError'{0x00000000c48dce18}: 'java.lang.Object java.lang.invoke.DirectMethodHandle$Holder.newInvokeSpecial(java.lang.Object, java.lang.Object, java.lang.Object, java.lang.Object, java.lang.Object, java.lang.Object, java.lang.Object, java.lang.Object, java.lang.Object, java.lang.Object, java.lang.Object, java.lang.Object)'> (0x00000000c48dce18) 
thrown [s\open\src\hotspot\share\interpreter\linkResolver.cpp, line 773]
Event: 31.959 Thread 0x000001f0e031cfe0 Exception <a 'java/lang/NoSuchMethodError'{0x00000000c48e1e90}: 'java.lang.Object java.lang.invoke.DirectMethodHandle$Holder.invokeSpecial(java.lang.Object, java.lang.Object, java.lang.Object, java.lang.Object, java.lang.Object, java.lang.Object, java.lang.Object, java.lang.Object, java.lang.Object, java.lang.Object, java.lang.Object, java.lang.Object, java.lang.Object)'> (0x00000000c48e1e90) 
thrown [s\open\src\hotspot\share\interpreter\linkResolver.cpp, line 773]
Event: 31.959 Thread 0x000001f0e031cfe0 Exception <a 'java/lang/NoSuchMethodError'{0x00000000c48e6b88}: 'java.lang.Object java.lang.invoke.Invokers$Holder.linkToTargetMethod(java.lang.Object, java.lang.Object, java.lang.Object, java.lang.Object, java.lang.Object, java.lang.Object, java.lang.Object, java.lang.Object, java.lang.Object, java.lang.Object, java.lang.Object, java.lang.Object)'> (0x00000000c48e6b88) 
thrown [s\open\src\hotspot\share\interpreter\linkResolver.cpp, line 773]
Event: 32.129 Thread 0x000001f0e031cfe0 Exception <a 'java/lang/IncompatibleClassChangeError'{0x00000000c4595248}: Found class java.lang.Object, but interface was expected> (0x00000000c4595248) 
thrown [s\open\src\hotspot\share\interpreter\linkResolver.cpp, line 840]
Event: 32.264 Thread 0x000001f0e031cfe0 Exception <a 'java/lang/NoSuchMethodError'{0x00000000c5d34898}: 'java.lang.Object java.lang.invoke.DirectMethodHandle$Holder.newInvokeSpecial(java.lang.Object, java.lang.Object, int, java.lang.Object, int, java.lang.Object, java.lang.Object)'> (0x00000000c5d34898) 
thrown [s\open\src\hotspot\share\interpreter\linkResolver.cpp, line 773]

ZGC Phase Switch (0 events):
No events

VM Operations (20 events):
Event: 29.936 Executing VM operation: ICBufferFull
Event: 29.937 Executing VM operation: ICBufferFull done
Event: 30.593 Executing VM operation: G1CollectForAllocation (G1 Evacuation Pause)
Event: 30.602 Executing VM operation: G1CollectForAllocation (G1 Evacuation Pause) done
Event: 30.707 Executing VM operation: G1PauseRemark
Event: 30.729 Executing VM operation: G1PauseRemark done
Event: 30.771 Executing VM operation: G1PauseCleanup
Event: 30.772 Executing VM operation: G1PauseCleanup done
Event: 31.384 Executing VM operation: G1CollectForAllocation (G1 Evacuation Pause)
Event: 31.392 Executing VM operation: G1CollectForAllocation (G1 Evacuation Pause) done
Event: 32.119 Executing VM operation: HandshakeAllThreads (Deoptimize)
Event: 32.119 Executing VM operation: HandshakeAllThreads (Deoptimize) done
Event: 32.165 Executing VM operation: HandshakeAllThreads (Deoptimize)
Event: 32.165 Executing VM operation: HandshakeAllThreads (Deoptimize) done
Event: 32.242 Executing VM operation: G1CollectForAllocation (G1 Evacuation Pause)
Event: 32.251 Executing VM operation: G1CollectForAllocation (G1 Evacuation Pause) done
Event: 32.299 Executing VM operation: HandshakeAllThreads (Deoptimize)
Event: 32.299 Executing VM operation: HandshakeAllThreads (Deoptimize) done
Event: 32.682 Executing VM operation: HandshakeAllThreads (Deoptimize)
Event: 32.682 Executing VM operation: HandshakeAllThreads (Deoptimize) done

Events (20 events):
Event: 30.724 Thread 0x000001f0f0ed3590 flushing nmethod 0x000001f0eab1ba10
Event: 30.724 Thread 0x000001f0f0ed3590 flushing nmethod 0x000001f0eac59310
Event: 30.724 Thread 0x000001f0f0ed3590 flushing nmethod 0x000001f0eae2ea90
Event: 30.724 Thread 0x000001f0f0ed3590 flushing nmethod 0x000001f0eaeac490
Event: 30.724 Thread 0x000001f0f0ed3590 flushing nmethod 0x000001f0eb154290
Event: 30.724 Thread 0x000001f0f0ed3590 flushing nmethod 0x000001f0eb174710
Event: 30.724 Thread 0x000001f0f0ed3590 flushing nmethod 0x000001f0eb1e6690
Event: 30.724 Thread 0x000001f0f0ed3590 flushing nmethod 0x000001f0eb1efd90
Event: 30.724 Thread 0x000001f0f0ed3590 flushing nmethod 0x000001f0eae27610
Event: 30.724 Thread 0x000001f0f0ed3590 flushing nmethod 0x000001f0eaf2ae90
Event: 30.724 Thread 0x000001f0f0ed3590 flushing nmethod 0x000001f0eb116c10
Event: 30.724 Thread 0x000001f0f0ed3590 flushing nmethod 0x000001f0eb14f190
Event: 30.724 Thread 0x000001f0f0ed3590 flushing nmethod 0x000001f0eb157490
Event: 30.724 Thread 0x000001f0f0ed3590 flushing nmethod 0x000001f0eb159810
Event: 30.724 Thread 0x000001f0f0ed3590 flushing nmethod 0x000001f0eb163410
Event: 30.724 Thread 0x000001f0f0ed3590 flushing nmethod 0x000001f0eb170b90
Event: 30.724 Thread 0x000001f0f0ed3590 flushing nmethod 0x000001f0eb180f10
Event: 30.724 Thread 0x000001f0f0ed3590 flushing nmethod 0x000001f0eb183010
Event: 30.724 Thread 0x000001f0f0ed3590 flushing nmethod 0x000001f0eb193a10
Event: 30.724 Thread 0x000001f0f0ed3590 flushing nmethod 0x000001f0eb1e2f10


Dynamic libraries:
0x00007ff661730000 - 0x00007ff661740000 	C:\Program Files\Java\jdk-21\bin\java.exe
0x00007ffa2fa00000 - 0x00007ffa2fc09000 	C:\WINDOWS\SYSTEM32\ntdll.dll
0x00007ffa2d910000 - 0x00007ffa2d9cd000 	C:\WINDOWS\System32\KERNEL32.DLL
0x00007ffa2d350000 - 0x00007ffa2d6d4000 	C:\WINDOWS\System32\KERNELBASE.dll
0x00007ffa2d1b0000 - 0x00007ffa2d2c1000 	C:\WINDOWS\System32\ucrtbase.dll
0x00007ffa20fd0000 - 0x00007ffa20fe9000 	C:\Program Files\Java\jdk-21\bin\jli.dll
0x00007ffa2e530000 - 0x00007ffa2e5de000 	C:\WINDOWS\System32\ADVAPI32.dll
0x00007ffa2e6d0000 - 0x00007ffa2e773000 	C:\WINDOWS\System32\msvcrt.dll
0x00007ffa2d870000 - 0x00007ffa2d90e000 	C:\WINDOWS\System32\sechost.dll
0x00007ffa2e400000 - 0x00007ffa2e521000 	C:\WINDOWS\System32\RPCRT4.dll
0x00007ffa2ec00000 - 0x00007ffa2edad000 	C:\WINDOWS\System32\USER32.dll
0x00007ffa2ce90000 - 0x00007ffa2ceb6000 	C:\WINDOWS\System32\win32u.dll
0x00007ffa2e8a0000 - 0x00007ffa2e8ca000 	C:\WINDOWS\System32\GDI32.dll
0x00007ffa2cec0000 - 0x00007ffa2cfde000 	C:\WINDOWS\System32\gdi32full.dll
0x00007ffa2cfe0000 - 0x00007ffa2d07d000 	C:\WINDOWS\System32\msvcp_win.dll
0x00007ffa1f120000 - 0x00007ffa1f3c5000 	C:\WINDOWS\WinSxS\amd64_microsoft.windows.common-controls_6595b64144ccf1df_6.0.22000.120_none_9d947278b86cc467\COMCTL32.dll
0x00007ffa1f540000 - 0x00007ffa1f54a000 	C:\WINDOWS\SYSTEM32\VERSION.dll
0x00007ffa28bc0000 - 0x00007ffa28bdb000 	C:\Program Files\Java\jdk-21\bin\VCRUNTIME140.dll
0x00007ffa2f980000 - 0x00007ffa2f9b1000 	C:\WINDOWS\System32\IMM32.DLL
0x00007ffa28d50000 - 0x00007ffa28d5c000 	C:\Program Files\Java\jdk-21\bin\vcruntime140_1.dll
0x00007ffa1a820000 - 0x00007ffa1a8ae000 	C:\Program Files\Java\jdk-21\bin\msvcp140.dll
0x00007ff9ae890000 - 0x00007ff9af5ad000 	C:\Program Files\Java\jdk-21\bin\server\jvm.dll
0x00007ffa2e5e0000 - 0x00007ffa2e64f000 	C:\WINDOWS\System32\WS2_32.dll
0x00007ffa2b7b0000 - 0x00007ffa2b7fd000 	C:\WINDOWS\SYSTEM32\POWRPROF.dll
0x00007ffa27310000 - 0x00007ffa27343000 	C:\WINDOWS\SYSTEM32\WINMM.dll
0x00007ffa2b8a0000 - 0x00007ffa2b8b3000 	C:\WINDOWS\SYSTEM32\UMPDC.dll
0x00007ffa2bfb0000 - 0x00007ffa2bfc8000 	C:\WINDOWS\SYSTEM32\kernel.appcore.dll
0x00007ffa27b90000 - 0x00007ffa27b9a000 	C:\Program Files\Java\jdk-21\bin\jimage.dll
0x00007ffa1d160000 - 0x00007ffa1d381000 	C:\WINDOWS\SYSTEM32\DBGHELP.DLL
0x00007ffa1a130000 - 0x00007ffa1a161000 	C:\WINDOWS\SYSTEM32\dbgcore.DLL
0x00007ffa2d2d0000 - 0x00007ffa2d34f000 	C:\WINDOWS\System32\bcryptPrimitives.dll
0x00007ffa28dd0000 - 0x00007ffa28def000 	C:\Program Files\Java\jdk-21\bin\java.dll
0x00007ffa2dac0000 - 0x00007ffa2e285000 	C:\WINDOWS\System32\SHELL32.dll
0x00007ffa2af30000 - 0x00007ffa2b792000 	C:\WINDOWS\SYSTEM32\windows.storage.dll
0x00007ffa2f250000 - 0x00007ffa2f5c6000 	C:\WINDOWS\System32\combase.dll
0x00007ffa2adc0000 - 0x00007ffa2af27000 	C:\WINDOWS\SYSTEM32\wintypes.dll
0x00007ffa2d9d0000 - 0x00007ffa2daba000 	C:\WINDOWS\System32\SHCORE.dll
0x00007ffa2e780000 - 0x00007ffa2e7dd000 	C:\WINDOWS\System32\shlwapi.dll
0x00007ffa2cdc0000 - 0x00007ffa2cde5000 	C:\WINDOWS\SYSTEM32\profapi.dll
0x00007ffa290c0000 - 0x00007ffa290d0000 	C:\Program Files\Java\jdk-21\bin\net.dll
0x00007ffa279e0000 - 0x00007ffa27af4000 	C:\WINDOWS\SYSTEM32\WINHTTP.dll
0x00007ffa2c450000 - 0x00007ffa2c4b7000 	C:\WINDOWS\system32\mswsock.dll
0x00007ffa28cc0000 - 0x00007ffa28cd6000 	C:\Program Files\Java\jdk-21\bin\nio.dll
0x00007ffa20fa0000 - 0x00007ffa20fb8000 	C:\Program Files\Java\jdk-21\bin\zip.dll
0x00007ffa1f670000 - 0x00007ffa1f67e000 	C:\Program Files\Java\jdk-21\bin\sunmscapi.dll
0x00007ffa2d6e0000 - 0x00007ffa2d842000 	C:\WINDOWS\System32\CRYPT32.dll
0x00007ffa2c830000 - 0x00007ffa2c858000 	C:\WINDOWS\SYSTEM32\ncrypt.dll
0x00007ffa2c7f0000 - 0x00007ffa2c827000 	C:\WINDOWS\SYSTEM32\NTASN1.dll
0x00007ffa2c720000 - 0x00007ffa2c738000 	C:\WINDOWS\SYSTEM32\CRYPTSP.dll
0x00007ffa2bf10000 - 0x00007ffa2bf45000 	C:\WINDOWS\system32\rsaenh.dll
0x00007ffa2c4f0000 - 0x00007ffa2c51c000 	C:\WINDOWS\SYSTEM32\USERENV.dll
0x00007ffa2c860000 - 0x00007ffa2c887000 	C:\WINDOWS\SYSTEM32\bcrypt.dll
0x00007ffa2c640000 - 0x00007ffa2c64c000 	C:\WINDOWS\SYSTEM32\CRYPTBASE.dll
0x00007ffa2bad0000 - 0x00007ffa2bafd000 	C:\WINDOWS\SYSTEM32\IPHLPAPI.DLL
0x00007ffa2e3f0000 - 0x00007ffa2e3f9000 	C:\WINDOWS\System32\NSI.dll
0x00007ffa1f480000 - 0x00007ffa1f48a000 	C:\Program Files\Java\jdk-21\bin\management.dll
0x00007ffa1f470000 - 0x00007ffa1f47b000 	C:\Program Files\Java\jdk-21\bin\management_ext.dll
0x00007ffa2e890000 - 0x00007ffa2e898000 	C:\WINDOWS\System32\PSAPI.DLL
0x00007ffa2bb00000 - 0x00007ffa2bbe7000 	C:\WINDOWS\SYSTEM32\DNSAPI.dll
0x00007ffa1f770000 - 0x00007ffa1f77a000 	C:\Windows\System32\rasadhlp.dll
0x00007ffa24d00000 - 0x00007ffa24d81000 	C:\WINDOWS\System32\fwpuclnt.dll
0x00007ffa1f400000 - 0x00007ffa1f409000 	C:\Program Files\Java\jdk-21\bin\extnet.dll

dbghelp: loaded successfully - version: 4.0.5 - missing functions: none
symbol engine: initialized successfully - sym options: 0x614 - pdb path: .;C:\Program Files\Java\jdk-21\bin;C:\WINDOWS\SYSTEM32;C:\WINDOWS\WinSxS\amd64_microsoft.windows.common-controls_6595b64144ccf1df_6.0.22000.120_none_9d947278b86cc467;C:\Program Files\Java\jdk-21\bin\server

VM Arguments:
jvm_args: -XX:TieredStopAtLevel=1 
java_command: com.rentflow.RentflowApplication
java_class_path (initial): C:\Users\hp\Desktop\projects\RentFlow\backend\target\classes;C:\Users\hp\.m2\repository\org\springframework\boot\spring-boot-jackson\4.1.0\spring-boot-jackson-4.1.0.jar;C:\Users\hp\.m2\repository\org\springframework\boot\spring-boot-web-server\4.1.0\spring-boot-web-server-4.1.0.jar;C:\Users\hp\.m2\repository\org\apache\tomcat\embed\tomcat-embed-core\11.0.22\tomcat-embed-core-11.0.22.jar;C:\Users\hp\.m2\repository\org\apache\tomcat\embed\tomcat-embed-websocket\11.0.22\tomcat-embed-websocket-11.0.22.jar;C:\Users\hp\.m2\repository\org\springframework\boot\spring-boot-tomcat\4.1.0\spring-boot-tomcat-4.1.0.jar;C:\Users\hp\.m2\repository\org\springframework\boot\spring-boot-http-converter\4.1.0\spring-boot-http-converter-4.1.0.jar;C:\Users\hp\.m2\repository\org\springframework\boot\spring-boot\4.1.0\spring-boot-4.1.0.jar;C:\Users\hp\.m2\repository\org\springframework\spring-web\7.0.8\spring-web-7.0.8.jar;C:\Users\hp\.m2\repository\org\springframework\boot\spring-boot-webmvc\4.1.0\spring-boot-webmvc-4.1.0.jar;C:\Users\hp\.m2\repository\org\springframework\boot\spring-boot-servlet\4.1.0\spring-boot-servlet-4.1.0.jar;C:\Users\hp\.m2\repository\org\springframework\spring-webmvc\7.0.8\spring-webmvc-7.0.8.jar;C:\Users\hp\.m2\repository\ch\qos\logback\logback-classic\1.5.34\logback-classic-1.5.34.jar;C:\Users\hp\.m2\repository\ch\qos\logback\logback-core\1.5.34\logback-core-1.5.34.jar;C:\Users\hp\.m2\repository\org\apache\logging\log4j\log4j-to-slf4j\2.25.4\log4j-to-slf4j-2.25.4.jar;C:\Users\hp\.m2\repository\org\apache\logging\log4j\log4j-api\2.25.4\log4j-api-2.25.4.jar;C:\Users\hp\.m2\repository\org\slf4j\jul-to-slf4j\2.0.18\jul-to-slf4j-2.0.18.jar;C:\Users\hp\.m2\repository\org\springframework\boot\spring-boot-autoconfigure\4.1.0\spring-boot-autoconfigure-4.1.0.jar;C:\Users\hp\.m2\repository\jakarta\annotation\jakarta.annotation-api\3.0.0\jakarta.annotation-api-3.0.0.jar;C:\Users\hp\.m2\repository\org\yaml\snakeyaml\2.6\snakeyaml-2.6.jar;C:\Users\hp\.m2\repository\com\zaxxer\HikariCP\7.0.2\HikariCP-7.0.2.jar;C:\Users\hp\.m2\repository\org\springframework\boot\spring-boot-data-jpa\4.1.0\spring-boot-data-jpa-4.1.0.jar;C:\Users\hp\.m2\repository\org\springframework\boot\spring-boot-data-commons\4.1.0\spring-boot-data-commons-4.1.0.jar;C:\Users\hp\.m2\repository\org\springframework\boot\spring-boot-persistence\4.1.0\spring-boot-persistence-4.1.0.jar;C:\Users\hp\.m2\repository\org\springframework\data\spring-data-commons\4.1.0\spring-data-commons-4.1.0.jar;C:\Users\hp\.m2\repository\org\springframework\boot\spring-boot-hibernate\4.1.0\spring-boot-hibernate-4.1.0.jar;C:\Users\hp\.m2\repository\org\springframework\boot\spring-boot-jpa\4.1.0\spring-boot-jpa-4.1.0.jar;C:\Users\hp\.m2\repository\jakarta\persistence\jakarta.persistence-api\3.2.0\jakarta.persistence-api-3.2.0.jar;C:\Users\hp\.m2\repository\org\hibernate\orm\hibernate-core\7.4.1.Final\hibernate-core-7.4.1.Final.jar;C:\Users\hp\.m2\repository\jakarta\transaction\jakarta.transaction-api\2.0.1\jakarta.transaction-api-2.0.1.jar;C:\Users\hp\.m2\repository\org\hibernate\models\hibernate-models\1.1.1\hibernate-models-1.1.1.jar;C:\Users\hp\.m2\repository\org\glassfish\jaxb\jaxb-runtime\4.0.9\jaxb-runtime-4.0.9.jar;C:\Users\hp\.m2\repository\org\glassfish\jaxb\jaxb-core\4.0.9\jaxb-core-4.0.9.jar;C:\Users\hp\.m2\repository\org\eclipse\angus\angus-activation\2.0.3\angus-activation-2.0.3.jar;C:\Users\hp\.m2\repository\org\glassfish\jaxb\txw2\4.0.9\txw2-4.0.9.jar;C:\Users\hp\.m2\repository\com\sun\istack\istack-commons-runtime\4.1.2\istack-commons-runtime-4.1.2.jar;C:\Users\hp\.m2\repository\jakarta\inject\jakarta.inject-api\2.0.1\jakarta.inject-api-2.0.1.jar;C:\Users\hp\.m2\repository\org\springframework\spring-orm\7.0.8\spring-orm-7.0.8.jar;C:\Users\hp\.m2\repository\org\springframework\data\spring-data-jpa\4.1.0\spring-data-jpa-4.1.0.jar;C:\Users\hp\.m2\repository\org\springframework\spring-tx\7.0.8\spring-tx-7.0.8.jar;C:\Users\hp\.m2\repository\org\antlr\antlr4-runtime\4.13.2\antlr4-runtime-4.13.2.jar;C:\Users\hp\.m2\repository\org\springframework\spring-aspects\7.0.8\spring-aspects-7.0.8.jar;C:\Users\hp\.m2\repository\org\aspectj\aspectjweaver\1.9.25.1\aspectjweaver-1.9.25.1.jar;C:\Users\hp\.m2\repository\org\springframework\boot\spring-boot-jdbc\4.1.0\spring-boot-jdbc-4.1.0.jar;C:\Users\hp\.m2\repository\org\springframework\boot\spring-boot-sql\4.1.0\spring-boot-sql-4.1.0.jar;C:\Users\hp\.m2\repository\org\springframework\boot\spring-boot-transaction\4.1.0\spring-boot-transaction-4.1.0.jar;C:\Users\hp\.m2\repository\org\springframework\spring-jdbc\7.0.8\spring-jdbc-7.0.8.jar;C:\Users\hp\.m2\repository\org\springframework\boot\spring-boot-security\4.1.0\spring-boot-security-4.1.0.jar;C:\Users\hp\.m2\repository\org\springframework\security\spring-security-config\7.1.0\spring-security-config-7.1.0.jar;C:\Users\hp\.m2\repository\org\springframework\spring-aop\7.0.8\spring-aop-7.0.8.jar;C:\Users\hp\.m2\repository\org\springframework\spring-beans\7.0.8\spring-beans-7.0.8.jar;C:\Users\hp\.m2\repository\org\springframework\boot\spring-boot-validation\4.1.0\spring-boot-validation-4.1.0.jar;C:\Users\hp\.m2\repository\org\apache\tomcat\embed\tomcat-embed-el\11.0.22\tomcat-embed-el-11.0.22.jar;C:\Users\hp\.m2\repository\org\hibernate\validator\hibernate-validator\9.1.0.Final\hibernate-validator-9.1.0.Final.jar;C:\Users\hp\.m2\repository\jakarta\validation\jakarta.validation-api\3.1.1\jakarta.validation-api-3.1.1.jar;C:\Users\hp\.m2\repository\org\jboss\logging\jboss-logging\3.6.3.Final\jboss-logging-3.6.3.Final.jar;C:\Users\hp\.m2\repository\com\fasterxml\classmate\1.7.3\classmate-1.7.3.jar;C:\Users\hp\.m2\repository\org\postgresql\postgresql\42.7.11\postgresql-42.7.11.jar;C:\Users\hp\.m2\repository\org\flywaydb\flyway-core\12.4.0\flyway-core-12.4.0.jar;C:\Users\hp\.m2\repository\tools\jackson\core\jackson-databind\3.1.4\jackson-databind-3.1.4.jar;C:\Users\hp\.m2\repository\com\fasterxml\jackson\core\jackson-annotations\2.21\jackson-annotations-2.21.jar;C:\Users\hp\.m2\repository\tools\jackson\core\jackson-core\3.1.4\jackson-core-3.1.4.jar;C:\Users\hp\.m2\repository\org\flywaydb\flyway-database-postgresql\12.4.0\flyway-database-postgresql-12.4.0.jar;C:\Users\hp\.m2\repository\me\paulschwarz\spring-dotenv\4.0.0\spring-dotenv-4.0.0.jar;C:\Users\hp\.m2\repository\io\github\cdimascio\dotenv-java\3.0.0\dotenv-java-3.0.0.jar;C:\Users\hp\.m2\repository\io\jsonwebtoken\jjwt-api\0.12.5\jjwt-api-0.12.5.jar;C:\Users\hp\.m2\repository\io\jsonwebtoken\jjwt-impl\0.12.5\jjwt-impl-0.12.5.jar;C:\Users\hp\.m2\repository\io\jsonwebtoken\jjwt-jackson\0.12.5\jjwt-jackson-0.12.5.jar;C:\Users\hp\.m2\repository\com\fasterxml\jackson\core\jackson-databind\2.21.4\jackson-databind-2.21.4.jar;C:\Users\hp\.m2\repository\com\fasterxml\jackson\core\jackson-core\2.21.4\jackson-core-2.21.4.jar;C:\Users\hp\.m2\repository\org\springdoc\springdoc-openapi-starter-webmvc-ui\2.5.0\springdoc-openapi-starter-webmvc-ui-2.5.0.jar;C:\Users\hp\.m2\repository\org\springdoc\springdoc-openapi-starter-webmvc-api\2.5.0\springdoc-openapi-starter-webmvc-api-2.5.0.jar;C:\Users\hp\.m2\repository\org\springdoc\springdoc-openapi-starter-common\2.5.0\springdoc-openapi-starter-common-2.5.0.jar;C:\Users\hp\.m2\repository\io\swagger\core\v3\swagger-core-jakarta\2.2.21\swagger-core-jakarta-2.2.21.jar;C:\Users\hp\.m2\repository\org\apache\commons\commons-lang3\3.20.0\commons-lang3-3.20.0.jar;C:\Users\hp\.m2\repository\io\swagger\core\v3\swagger-annotations-jakarta\2.2.21\swagger-annotations-jakarta-2.2.21.jar;C:\Users\hp\.m2\repository\io\swagger\core\v3\swagger-models-jakarta\2.2.21\swagger-models-jakarta-2.2.21.jar;C:\Users\hp\.m2\repository\com\fasterxml\jackson\dataformat\jackson-dataformat-yaml\2.21.4\jackson-dataformat-yaml-2.21.4.jar;C:\Users\hp\.m2\repository\com\fasterxml\jackson\datatype\jackson-datatype-jsr310\2.21.4\jackson-datatype-jsr310-2.21.4.jar;C:\Users\hp\.m2\repository\org\webjars\swagger-ui\5.13.0\swagger-ui-5.13.0.jar;C:\Users\hp\.m2\repository\org\slf4j\slf4j-api\2.0.18\slf4j-api-2.0.18.jar;C:\Users\hp\.m2\repository\jakarta\xml\bind\jakarta.xml.bind-api\4.0.5\jakarta.xml.bind-api-4.0.5.jar;C:\Users\hp\.m2\repository\jakarta\activation\jakarta.activation-api\2.1.4\jakarta.activation-api-2.1.4.jar;C:\Users\hp\.m2\repository\net\bytebuddy\byte-buddy\1.18.10\byte-buddy-1.18.10.jar;C:\Users\hp\.m2\repository\org\springframework\spring-core\7.0.8\spring-core-7.0.8.jar;C:\Users\hp\.m2\repository\commons-logging\commons-logging\1.3.6\commons-logging-1.3.6.jar;C:\Users\hp\.m2\repository\org\jspecify\jspecify\1.0.0\jspecify-1.0.0.jar;C:\Users\hp\.m2\repository\org\springframework\security\spring-security-core\7.1.0\spring-security-core-7.1.0.jar;C:\Users\hp\.m2\repository\org\springframework\security\spring-security-crypto\7.1.0\spring-security-crypto-7.1.0.jar;C:\Users\hp\.m2\repository\org\springframework\spring-context\7.0.8\spring-context-7.0.8.jar;C:\Users\hp\.m2\repository\org\springframework\spring-expression\7.0.8\spring-expression-7.0.8.jar;C:\Users\hp\.m2\repository\io\micrometer\micrometer-observation\1.17.0\micrometer-observation-1.17.0.jar;C:\Users\hp\.m2\repository\io\micrometer\micrometer-commons\1.17.0\micrometer-commons-1.17.0.jar;C:\Users\hp\.m2\repository\org\springframework\security\spring-security-web\7.1.0\spring-security-web-7.1.0.jar
Launcher Type: SUN_STANDARD

[Global flags]
     intx CICompilerCount                          = 3                                         {product} {ergonomic}
     uint ConcGCThreads                            = 1                                         {product} {ergonomic}
     uint G1ConcRefinementThreads                  = 4                                         {product} {ergonomic}
   size_t G1HeapRegionSize                         = 1048576                                   {product} {ergonomic}
    uintx GCDrainStackTargetSize                   = 64                                        {product} {ergonomic}
   size_t InitialHeapSize                          = 67108864                                  {product} {ergonomic}
   size_t MarkStackSize                            = 4194304                                   {product} {ergonomic}
   size_t MaxHeapSize                              = 1042284544                                {product} {ergonomic}
   size_t MaxNewSize                               = 624951296                                 {product} {ergonomic}
   size_t MinHeapDeltaBytes                        = 1048576                                   {product} {ergonomic}
   size_t MinHeapSize                              = 8388608                                   {product} {ergonomic}
    uintx NonNMethodCodeHeapSize                   = 4096                                   {pd product} {ergonomic}
    uintx NonProfiledCodeHeapSize                  = 0                                      {pd product} {ergonomic}
     bool ProfileInterpreter                       = false                                  {pd product} {command line}
    uintx ProfiledCodeHeapSize                     = 0                                      {pd product} {ergonomic}
   size_t SoftMaxHeapSize                          = 1042284544                             {manageable} {ergonomic}
     intx TieredStopAtLevel                        = 1                                         {product} {command line}
     bool UseCompressedOops                        = true                           {product lp64_product} {ergonomic}
     bool UseG1GC                                  = true                                      {product} {ergonomic}
     bool UseLargePagesIndividualAllocation        = false                                  {pd product} {ergonomic}

Logging:
Log output configuration:
 #0: stdout all=warning uptime,level,tags foldmultilines=false
 #1: stderr all=off uptime,level,tags foldmultilines=false

Environment Variables:
JAVA_HOME=C:\Program Files\Java\jdk-21
PATH=c:\Users\hp\AppData\Roaming\Code\User\globalStorage\github.copilot-chat\debugCommand;c:\Users\hp\AppData\Roaming\Code\User\globalStorage\github.copilot-chat\copilotCli;C:\Python314\Scripts\;C:\Python314\;%JAVA_HOME%\bin;C:\WINDOWS\system32;C:\WINDOWS;C:\WINDOWS\System32\Wbem;C:\WINDOWS\System32\WindowsPowerShell\v1.0\;C:\WINDOWS\System32\OpenSSH\;C:\Program Files\Git\cmd;C:\Program Files\nodejs\;C:\ProgramData\chocolatey\bin;C:\Users\hp\.local\bin;C:\Users\hp\AppData\Local\Microsoft\WindowsApps;C:\Users\hp\AppData\Local\Programs\Microsoft VS Code\bin;C:\Program Files\Java\jdk-21\bin;C:\Users\hp\.m2\wrapper\dists\apache-maven-3.9.9\8e74001100ff70d6af083c5511fcc5ec49282d7017cde82c3698eee8fdf86698\bin;C:\Users\hp\AppData\Local\Programs\Antigravity IDE\bin;C:\Users\hp\AppData\Local\Programs\cursor\resources\app\bin;C:\Users\hp\AppData\Roaming\npm;C:\Users\hp\AppData\Local\Programs\Devin\bin;C:\Users\hp\AppData\Local\Programs\DockerDesktop\resources\bin;c:\Users\hp\.vscode\extensions\vscjava.vscode-java-debug-0.59.0\bundled\scripts\noConfigScripts
USERNAME=kibet
LANG=en_US.UTF-8
OS=Windows_NT
PROCESSOR_IDENTIFIER=Intel64 Family 6 Model 61 Stepping 4, GenuineIntel
TMP=C:\Users\hp\AppData\Local\Temp
TEMP=C:\Users\hp\AppData\Local\Temp




Periodic native trim disabled

---------------  S Y S T E M  ---------------

OS:
 Windows 11 , 64 bit Build 22000 (10.0.22000.2538)
OS uptime: 0 days 7:05 hours
Hyper-V role detected

CPU: total 4 (initial active 4) (2 cores per cpu, 2 threads per core) family 6 model 61 stepping 4 microcode 0x2f, cx8, cmov, fxsr, ht, mmx, 3dnowpref, sse, sse2, sse3, ssse3, sse4.1, sse4.2, popcnt, lzcnt, tsc, tscinvbit, avx, avx2, aes, erms, clmul, bmi1, bmi2, rtm, adx, fma, vzeroupper, clflush, hv, rdtscp, f16c
Processor Information for all 4 processors :
  Max Mhz: 2301, Current Mhz: 2301, Mhz Limit: 2301

Memory: 4k page, system-wide physical 3971M (152M free)
TotalPageFile size 16259M (AvailPageFile size 182M)
current process WorkingSet (physical memory assigned to process): 189M, peak: 189M
current process commit charge ("private bytes"): 237M, peak: 237M

vm_info: Java HotSpot(TM) 64-Bit Server VM (21.0.9+7-LTS-338) for windows-amd64 JRE (21.0.9+7-LTS-338), built on 2025-09-26T06:33:49Z by "mach5run" with MS VC++ 17.6 (VS2022)

END.
