#
# There is insufficient memory for the Java Runtime Environment to continue.
# Native memory allocation (mmap) failed to map 65536 bytes for Failed to commit metaspace.
# Possible reasons:
#   The system is out of physical RAM or swap space
#   The process is running with CompressedOops enabled, and the Java Heap may be blocking the growth of the native heap
# Possible solutions:
#   Reduce memory load on the system
#   Increase physical memory or swap space
#   Check if swap backing store is full
#   Decrease Java heap size (-Xmx/-Xms)
#   Decrease number of Java threads
#   Decrease Java thread stack sizes (-Xss)
#   Set larger code cache with -XX:ReservedCodeCacheSize=
#   JVM is running with Unscaled Compressed Oops mode in which the Java heap is
#     placed in the first 4GB address space. The Java Heap base address is the
#     maximum limit for the native heap growth. Please use -XX:HeapBaseMinAddress
#     to set the Java Heap base and to place the Java Heap above 4GB virtual address.
# This output file may be truncated or incomplete.
#
#  Out of Memory Error (virtualSpaceNode.cpp:112), pid=13668, tid=19948
#
# JRE version: Java(TM) SE Runtime Environment (21.0.9+7) (build 21.0.9+7-LTS-338)
# Java VM: Java HotSpot(TM) 64-Bit Server VM (21.0.9+7-LTS-338, mixed mode, emulated-client, sharing, tiered, compressed oops, compressed class ptrs, g1 gc, windows-amd64)
# No core dump will be written. Minidumps are not enabled by default on client versions of Windows
#

---------------  S U M M A R Y ------------

Command Line: -XX:TieredStopAtLevel=1 com.rentflow.RentflowApplication

Host: Intel(R) Core(TM) i5-5300U CPU @ 2.30GHz, 4 cores, 3G,  Windows 11 , 64 bit Build 22000 (10.0.22000.2538)
Time: Fri Aug  7 15:35:53 2026 E. Africa Standard Time elapsed time: 32.242911 seconds (0d 0h 0m 32s)

---------------  T H R E A D  ---------------

Current thread (0x000001d3acfdaf60):  JavaThread "main"             [_thread_in_vm, id=19948, stack(0x00000061d0e00000,0x00000061d0f00000) (1024K)]

Stack: [0x00000061d0e00000,0x00000061d0f00000]
Native frames: (J=compiled Java code, j=interpreted, Vv=VM code, C=native code)
V  [jvm.dll+0x6cbf89]
V  [jvm.dll+0x858421]
V  [jvm.dll+0x85a94e]
V  [jvm.dll+0x85b023]
V  [jvm.dll+0x27ebc6]
V  [jvm.dll+0x85403e]
V  [jvm.dll+0x66fcf5]
V  [jvm.dll+0x1e4c4c]
V  [jvm.dll+0x1e4a1e]
V  [jvm.dll+0x672623]
V  [jvm.dll+0x672442]
V  [jvm.dll+0x6706ce]
V  [jvm.dll+0x26a340]
V  [jvm.dll+0x2163a7]
V  [jvm.dll+0x20bcfe]
V  [jvm.dll+0x5aec2c]
V  [jvm.dll+0x7d2486]
V  [jvm.dll+0x4725b6]
V  [jvm.dll+0x478438]
C  [java.dll+0x17ec]

Java frames: (J=compiled Java code, j=interpreted, Vv=VM code)
J 563  java.lang.ClassLoader.defineClass1(Ljava/lang/ClassLoader;Ljava/lang/String;[BIILjava/security/ProtectionDomain;Ljava/lang/String;)Ljava/lang/Class; java.base@21.0.9 (0 bytes) @ 0x000001d3b6ff5e91 [0x000001d3b6ff5dc0+0x00000000000000d1]
J 930 c1 java.lang.ClassLoader.defineClass(Ljava/lang/String;[BIILjava/security/ProtectionDomain;)Ljava/lang/Class; java.base@21.0.9 (43 bytes) @ 0x000001d3b70928fc [0x000001d3b70927e0+0x000000000000011c]
J 804 c1 jdk.internal.loader.BuiltinClassLoader.defineClass(Ljava/lang/String;Ljdk/internal/loader/Resource;)Ljava/lang/Class; java.base@21.0.9 (121 bytes) @ 0x000001d3b705e494 [0x000001d3b705df40+0x0000000000000554]
J 797 c1 jdk.internal.loader.BuiltinClassLoader.findClassOnClassPathOrNull(Ljava/lang/String;)Ljava/lang/Class; java.base@21.0.9 (64 bytes) @ 0x000001d3b705c034 [0x000001d3b705bd60+0x00000000000002d4]
J 454 c1 jdk.internal.loader.BuiltinClassLoader.loadClassOrNull(Ljava/lang/String;Z)Ljava/lang/Class; java.base@21.0.9 (143 bytes) @ 0x000001d3b6fd027c [0x000001d3b6fcfe80+0x00000000000003fc]
J 594 c1 jdk.internal.loader.ClassLoaders$AppClassLoader.loadClass(Ljava/lang/String;Z)Ljava/lang/Class; java.base@21.0.9 (40 bytes) @ 0x000001d3b7000b0c [0x000001d3b7000ac0+0x000000000000004c]
J 593 c1 java.lang.ClassLoader.loadClass(Ljava/lang/String;)Ljava/lang/Class; java.base@21.0.9 (7 bytes) @ 0x000001d3b7000794 [0x000001d3b7000740+0x0000000000000054]
v  ~StubRoutines::call_stub 0x000001d3b6e1100d
j  org.hibernate.internal.util.cache.LegacyInternalCacheImplementation.<init>(I)V+5
j  org.hibernate.internal.util.cache.InternalCacheFactoryImpl.createInternalCache(I)Lorg/hibernate/internal/util/cache/InternalCache;+5
j  org.hibernate.query.internal.QueryInterpretationCacheStandardImpl.<init>(ILorg/hibernate/service/ServiceRegistry;)V+28
j  org.hibernate.query.internal.QueryEngineImpl.buildInterpretationCache(Lorg/hibernate/service/ServiceRegistry;Ljava/util/Map;)Lorg/hibernate/query/spi/QueryInterpretationCache;+84
j  org.hibernate.query.internal.QueryEngineImpl.<init>(Lorg/hibernate/boot/spi/MetadataImplementor;Lorg/hibernate/query/spi/QueryEngineOptions;Lorg/hibernate/type/BindingContext;Lorg/hibernate/service/spi/ServiceRegistryImplementor;Ljava/util/Map;Ljava/lang/String;)V+82
j  org.hibernate.internal.SessionFactoryImpl.<init>(Lorg/hibernate/boot/spi/MetadataImplementor;Lorg/hibernate/boot/spi/SessionFactoryOptions;Lorg/hibernate/boot/spi/BootstrapContext;)V+514
j  org.hibernate.internal.SessionFactoryRegistry.instantiateSessionFactory(Lorg/hibernate/boot/spi/MetadataImplementor;Lorg/hibernate/boot/spi/SessionFactoryOptions;Lorg/hibernate/boot/spi/BootstrapContext;)Lorg/hibernate/engine/spi/SessionFactoryImplementor;+7
j  org.hibernate.boot.internal.SessionFactoryBuilderImpl.build()Lorg/hibernate/SessionFactory;+12
j  org.hibernate.jpa.boot.internal.EntityManagerFactoryBuilderImpl.build()Ljakarta/persistence/EntityManagerFactory;+8
j  org.springframework.orm.jpa.vendor.SpringHibernateJpaPersistenceProvider.createContainerEntityManagerFactory(Ljakarta/persistence/spi/PersistenceUnitInfo;Ljava/util/Map;)Ljakarta/persistence/EntityManagerFactory;+113
j  org.springframework.orm.jpa.LocalContainerEntityManagerFactoryBean.createNativeEntityManagerFactory()Ljakarta/persistence/EntityManagerFactory;+111
j  org.springframework.orm.jpa.AbstractEntityManagerFactoryBean.buildNativeEntityManagerFactory()Ljakarta/persistence/EntityManagerFactory;+1
j  org.springframework.orm.jpa.AbstractEntityManagerFactoryBean.afterPropertiesSet()V+234
j  org.springframework.orm.jpa.LocalContainerEntityManagerFactoryBean.afterPropertiesSet()V+238
j  org.springframework.beans.factory.support.AbstractAutowireCapableBeanFactory.invokeInitMethods(Ljava/lang/String;Ljava/lang/Object;Lorg/springframework/beans/factory/support/RootBeanDefinition;)V+56
j  org.springframework.beans.factory.support.AbstractAutowireCapableBeanFactory.initializeBean(Ljava/lang/String;Ljava/lang/Object;Lorg/springframework/beans/factory/support/RootBeanDefinition;)Ljava/lang/Object;+46
j  org.springframework.beans.factory.support.AbstractAutowireCapableBeanFactory.doCreateBean(Ljava/lang/String;Lorg/springframework/beans/factory/support/RootBeanDefinition;[Ljava/lang/Object;)Ljava/lang/Object;+228
j  org.springframework.beans.factory.support.AbstractAutowireCapableBeanFactory.createBean(Ljava/lang/String;Lorg/springframework/beans/factory/support/RootBeanDefinition;[Ljava/lang/Object;)Ljava/lang/Object;+153
j  org.springframework.beans.factory.support.AbstractBeanFactory.lambda$doGetBean$0(Ljava/lang/String;Lorg/springframework/beans/factory/support/RootBeanDefinition;[Ljava/lang/Object;)Ljava/lang/Object;+4
j  org.springframework.beans.factory.support.AbstractBeanFactory$$Lambda+0x000001d3bf202e90.getObject()Ljava/lang/Object;+16
j  org.springframework.beans.factory.support.DefaultSingletonBeanRegistry.getSingleton(Ljava/lang/String;Lorg/springframework/beans/factory/ObjectFactory;)Ljava/lang/Object;+897
J 3039 c1 org.springframework.beans.factory.support.AbstractBeanFactory.doGetBean(Ljava/lang/String;Ljava/lang/Class;[Ljava/lang/Object;Z)Ljava/lang/Object; (791 bytes) @ 0x000001d3b73ca04c [0x000001d3b73c9a00+0x000000000000064c]
j  org.springframework.beans.factory.support.AbstractBeanFactory.getBean(Ljava/lang/String;)Ljava/lang/Object;+5
j  org.springframework.beans.factory.support.BeanDefinitionValueResolver.resolveReference(Ljava/lang/Object;Lorg/springframework/beans/factory/config/RuntimeBeanReference;)Ljava/lang/Object;+192
j  org.springframework.beans.factory.support.BeanDefinitionValueResolver.resolveValueIfNecessary(Ljava/lang/Object;Ljava/lang/Object;)Ljava/lang/Object;+15
j  org.springframework.beans.factory.support.ConstructorResolver.resolveConstructorArguments(Ljava/lang/String;Lorg/springframework/beans/factory/support/RootBeanDefinition;Lorg/springframework/beans/BeanWrapper;Lorg/springframework/beans/factory/config/ConstructorArgumentValues;Lorg/springframework/beans/factory/config/ConstructorArgumentValues;)I+182
j  org.springframework.beans.factory.support.ConstructorResolver.instantiateUsingFactoryMethod(Ljava/lang/String;Lorg/springframework/beans/factory/support/RootBeanDefinition;[Ljava/lang/Object;)Lorg/springframework/beans/BeanWrapper;+588
j  org.springframework.beans.factory.support.AbstractAutowireCapableBeanFactory.instantiateUsingFactoryMethod(Ljava/lang/String;Lorg/springframework/beans/factory/support/RootBeanDefinition;[Ljava/lang/Object;)Lorg/springframework/beans/BeanWrapper;+11
j  org.springframework.beans.factory.support.AbstractAutowireCapableBeanFactory.createBeanInstance(Ljava/lang/String;Lorg/springframework/beans/factory/support/RootBeanDefinition;[Ljava/lang/Object;)Lorg/springframework/beans/BeanWrapper;+93
j  org.springframework.beans.factory.support.AbstractAutowireCapableBeanFactory.doCreateBean(Ljava/lang/String;Lorg/springframework/beans/factory/support/RootBeanDefinition;[Ljava/lang/Object;)Ljava/lang/Object;+34
j  org.springframework.beans.factory.support.AbstractAutowireCapableBeanFactory.createBean(Ljava/lang/String;Lorg/springframework/beans/factory/support/RootBeanDefinition;[Ljava/lang/Object;)Ljava/lang/Object;+153
j  org.springframework.beans.factory.support.AbstractBeanFactory.lambda$doGetBean$0(Ljava/lang/String;Lorg/springframework/beans/factory/support/RootBeanDefinition;[Ljava/lang/Object;)Ljava/lang/Object;+4
j  org.springframework.beans.factory.support.AbstractBeanFactory$$Lambda+0x000001d3bf202e90.getObject()Ljava/lang/Object;+16
j  org.springframework.beans.factory.support.DefaultSingletonBeanRegistry.getSingleton(Ljava/lang/String;Lorg/springframework/beans/factory/ObjectFactory;)Ljava/lang/Object;+897
J 3039 c1 org.springframework.beans.factory.support.AbstractBeanFactory.doGetBean(Ljava/lang/String;Ljava/lang/Class;[Ljava/lang/Object;Z)Ljava/lang/Object; (791 bytes) @ 0x000001d3b73ca04c [0x000001d3b73c9a00+0x000000000000064c]
J 3043 c1 org.springframework.beans.factory.support.AbstractBeanFactory.getBean(Ljava/lang/String;Ljava/lang/Class;)Ljava/lang/Object; (9 bytes) @ 0x000001d3b73d1414 [0x000001d3b73d13c0+0x0000000000000054]
j  org.springframework.beans.factory.support.BeanDefinitionValueResolver.resolveReference(Ljava/lang/Object;Lorg/springframework/beans/factory/config/RuntimeBeanReference;)Ljava/lang/Object;+152
j  org.springframework.beans.factory.support.BeanDefinitionValueResolver.resolveValueIfNecessary(Ljava/lang/Object;Ljava/lang/Object;)Ljava/lang/Object;+15
j  org.springframework.beans.factory.support.AbstractAutowireCapableBeanFactory.applyPropertyValues(Ljava/lang/String;Lorg/springframework/beans/factory/config/BeanDefinition;Lorg/springframework/beans/BeanWrapper;Lorg/springframework/beans/PropertyValues;)V+277
j  org.springframework.beans.factory.support.AbstractAutowireCapableBeanFactory.populateBean(Ljava/lang/String;Lorg/springframework/beans/factory/support/RootBeanDefinition;Lorg/springframework/beans/BeanWrapper;)V+351
j  org.springframework.beans.factory.support.AbstractAutowireCapableBeanFactory.doCreateBean(Ljava/lang/String;Lorg/springframework/beans/factory/support/RootBeanDefinition;[Ljava/lang/Object;)Ljava/lang/Object;+220
j  org.springframework.beans.factory.support.AbstractAutowireCapableBeanFactory.createBean(Ljava/lang/String;Lorg/springframework/beans/factory/support/RootBeanDefinition;[Ljava/lang/Object;)Ljava/lang/Object;+153
j  org.springframework.beans.factory.support.AbstractBeanFactory.lambda$doGetBean$0(Ljava/lang/String;Lorg/springframework/beans/factory/support/RootBeanDefinition;[Ljava/lang/Object;)Ljava/lang/Object;+4
j  org.springframework.beans.factory.support.AbstractBeanFactory$$Lambda+0x000001d3bf202e90.getObject()Ljava/lang/Object;+16
j  org.springframework.beans.factory.support.DefaultSingletonBeanRegistry.getSingleton(Ljava/lang/String;Lorg/springframework/beans/factory/ObjectFactory;)Ljava/lang/Object;+897
J 3039 c1 org.springframework.beans.factory.support.AbstractBeanFactory.doGetBean(Ljava/lang/String;Ljava/lang/Class;[Ljava/lang/Object;Z)Ljava/lang/Object; (791 bytes) @ 0x000001d3b73ca04c [0x000001d3b73c9a00+0x000000000000064c]
J 3043 c1 org.springframework.beans.factory.support.AbstractBeanFactory.getBean(Ljava/lang/String;Ljava/lang/Class;)Ljava/lang/Object; (9 bytes) @ 0x000001d3b73d1414 [0x000001d3b73d13c0+0x0000000000000054]
j  org.springframework.beans.factory.support.DefaultListableBeanFactory.resolveBean(Ljava/lang/String;Lorg/springframework/core/ResolvableType;)Ljava/lang/Object;+6
j  org.springframework.beans.factory.support.DefaultListableBeanFactory.doResolveDependency(Lorg/springframework/beans/factory/config/DependencyDescriptor;Ljava/lang/String;Ljava/util/Set;Lorg/springframework/beans/TypeConverter;)Ljava/lang/Object;+350
j  org.springframework.beans.factory.support.DefaultListableBeanFactory.resolveDependency(Lorg/springframework/beans/factory/config/DependencyDescriptor;Ljava/lang/String;Ljava/util/Set;Lorg/springframework/beans/TypeConverter;)Ljava/lang/Object;+115
j  org.springframework.beans.factory.support.ConstructorResolver.resolveAutowiredArgument(Lorg/springframework/beans/factory/config/DependencyDescriptor;Ljava/lang/Class;Ljava/lang/String;Ljava/util/Set;Lorg/springframework/beans/TypeConverter;Z)Ljava/lang/Object;+56
j  org.springframework.beans.factory.support.ConstructorResolver.createArgumentArray(Ljava/lang/String;Lorg/springframework/beans/factory/support/RootBeanDefinition;Lorg/springframework/beans/factory/config/ConstructorArgumentValues;Lorg/springframework/beans/BeanWrapper;[Ljava/lang/Class;[Ljava/lang/String;Ljava/lang/reflect/Executable;ZZ)Lorg/springframework/beans/factory/support/ConstructorResolver$ArgumentsHolder;+420
j  org.springframework.beans.factory.support.ConstructorResolver.autowireConstructor(Ljava/lang/String;Lorg/springframework/beans/factory/support/RootBeanDefinition;[Ljava/lang/reflect/Constructor;[Ljava/lang/Object;)Lorg/springframework/beans/BeanWrapper;+533
j  org.springframework.beans.factory.support.AbstractAutowireCapableBeanFactory.autowireConstructor(Ljava/lang/String;Lorg/springframework/beans/factory/support/RootBeanDefinition;[Ljava/lang/reflect/Constructor;[Ljava/lang/Object;)Lorg/springframework/beans/BeanWrapper;+13
j  org.springframework.beans.factory.support.AbstractAutowireCapableBeanFactory.createBeanInstance(Ljava/lang/String;Lorg/springframework/beans/factory/support/RootBeanDefinition;[Ljava/lang/Object;)Lorg/springframework/beans/BeanWrapper;+213
j  org.springframework.beans.factory.support.AbstractAutowireCapableBeanFactory.doCreateBean(Ljava/lang/String;Lorg/springframework/beans/factory/support/RootBeanDefinition;[Ljava/lang/Object;)Ljava/lang/Object;+34
j  org.springframework.beans.factory.support.AbstractAutowireCapableBeanFactory.createBean(Ljava/lang/String;Lorg/springframework/beans/factory/support/RootBeanDefinition;[Ljava/lang/Object;)Ljava/lang/Object;+153
j  org.springframework.beans.factory.support.AbstractBeanFactory.lambda$doGetBean$0(Ljava/lang/String;Lorg/springframework/beans/factory/support/RootBeanDefinition;[Ljava/lang/Object;)Ljava/lang/Object;+4
j  org.springframework.beans.factory.support.AbstractBeanFactory$$Lambda+0x000001d3bf202e90.getObject()Ljava/lang/Object;+16
j  org.springframework.beans.factory.support.DefaultSingletonBeanRegistry.getSingleton(Ljava/lang/String;Lorg/springframework/beans/factory/ObjectFactory;)Ljava/lang/Object;+897
J 3039 c1 org.springframework.beans.factory.support.AbstractBeanFactory.doGetBean(Ljava/lang/String;Ljava/lang/Class;[Ljava/lang/Object;Z)Ljava/lang/Object; (791 bytes) @ 0x000001d3b73ca04c [0x000001d3b73c9a00+0x000000000000064c]
J 3043 c1 org.springframework.beans.factory.support.AbstractBeanFactory.getBean(Ljava/lang/String;Ljava/lang/Class;)Ljava/lang/Object; (9 bytes) @ 0x000001d3b73d1414 [0x000001d3b73d13c0+0x0000000000000054]
j  org.springframework.beans.factory.config.DependencyDescriptor.resolveCandidate(Ljava/lang/String;Ljava/lang/Class;Lorg/springframework/beans/factory/BeanFactory;)Ljava/lang/Object;+3
j  org.springframework.beans.factory.support.DefaultListableBeanFactory.doResolveDependency(Lorg/springframework/beans/factory/config/DependencyDescriptor;Ljava/lang/String;Ljava/util/Set;Lorg/springframework/beans/TypeConverter;)Ljava/lang/Object;+645
j  org.springframework.beans.factory.support.DefaultListableBeanFactory.resolveDependency(Lorg/springframework/beans/factory/config/DependencyDescriptor;Ljava/lang/String;Ljava/util/Set;Lorg/springframework/beans/TypeConverter;)Ljava/lang/Object;+115
j  org.springframework.beans.factory.support.ConstructorResolver.resolveAutowiredArgument(Lorg/springframework/beans/factory/config/DependencyDescriptor;Ljava/lang/Class;Ljava/lang/String;Ljava/util/Set;Lorg/springframework/beans/TypeConverter;Z)Ljava/lang/Object;+56
j  org.springframework.beans.factory.support.ConstructorResolver.createArgumentArray(Ljava/lang/String;Lorg/springframework/beans/factory/support/RootBeanDefinition;Lorg/springframework/beans/factory/config/ConstructorArgumentValues;Lorg/springframework/beans/BeanWrapper;[Ljava/lang/Class;[Ljava/lang/String;Ljava/lang/reflect/Executable;ZZ)Lorg/springframework/beans/factory/support/ConstructorResolver$ArgumentsHolder;+420
j  org.springframework.beans.factory.support.ConstructorResolver.autowireConstructor(Ljava/lang/String;Lorg/springframework/beans/factory/support/RootBeanDefinition;[Ljava/lang/reflect/Constructor;[Ljava/lang/Object;)Lorg/springframework/beans/BeanWrapper;+533
j  org.springframework.beans.factory.support.AbstractAutowireCapableBeanFactory.autowireConstructor(Ljava/lang/String;Lorg/springframework/beans/factory/support/RootBeanDefinition;[Ljava/lang/reflect/Constructor;[Ljava/lang/Object;)Lorg/springframework/beans/BeanWrapper;+13
j  org.springframework.beans.factory.support.AbstractAutowireCapableBeanFactory.createBeanInstance(Ljava/lang/String;Lorg/springframework/beans/factory/support/RootBeanDefinition;[Ljava/lang/Object;)Lorg/springframework/beans/BeanWrapper;+213
j  org.springframework.beans.factory.support.AbstractAutowireCapableBeanFactory.doCreateBean(Ljava/lang/String;Lorg/springframework/beans/factory/support/RootBeanDefinition;[Ljava/lang/Object;)Ljava/lang/Object;+34
j  org.springframework.beans.factory.support.AbstractAutowireCapableBeanFactory.createBean(Ljava/lang/String;Lorg/springframework/beans/factory/support/RootBeanDefinition;[Ljava/lang/Object;)Ljava/lang/Object;+153
j  org.springframework.beans.factory.support.AbstractBeanFactory.lambda$doGetBean$0(Ljava/lang/String;Lorg/springframework/beans/factory/support/RootBeanDefinition;[Ljava/lang/Object;)Ljava/lang/Object;+4
j  org.springframework.beans.factory.support.AbstractBeanFactory$$Lambda+0x000001d3bf202e90.getObject()Ljava/lang/Object;+16
j  org.springframework.beans.factory.support.DefaultSingletonBeanRegistry.getSingleton(Ljava/lang/String;Lorg/springframework/beans/factory/ObjectFactory;)Ljava/lang/Object;+897
J 3039 c1 org.springframework.beans.factory.support.AbstractBeanFactory.doGetBean(Ljava/lang/String;Ljava/lang/Class;[Ljava/lang/Object;Z)Ljava/lang/Object; (791 bytes) @ 0x000001d3b73ca04c [0x000001d3b73c9a00+0x000000000000064c]
J 3043 c1 org.springframework.beans.factory.support.AbstractBeanFactory.getBean(Ljava/lang/String;Ljava/lang/Class;)Ljava/lang/Object; (9 bytes) @ 0x000001d3b73d1414 [0x000001d3b73d13c0+0x0000000000000054]
j  org.springframework.boot.web.servlet.ServletContextInitializerBeans.getOrderedBeansOfType(Lorg/springframework/beans/factory/ListableBeanFactory;Ljava/lang/Class;Lorg/springframework/boot/web/servlet/ServletContextInitializerBeans$Seen;)Ljava/util/List;+68
j  org.springframework.boot.web.servlet.ServletContextInitializerBeans.addAsRegistrationBean(Lorg/springframework/beans/factory/ListableBeanFactory;Ljava/lang/Class;Ljava/lang/Class;Lorg/springframework/boot/web/servlet/ServletContextInitializerBeans$RegistrationBeanAdapter;)V+7
j  org.springframework.boot.web.servlet.ServletContextInitializerBeans.addAsRegistrationBean(Lorg/springframework/beans/factory/ListableBeanFactory;Ljava/lang/Class;Lorg/springframework/boot/web/servlet/ServletContextInitializerBeans$RegistrationBeanAdapter;)V+5
j  org.springframework.boot.web.servlet.ServletContextInitializerBeans.addAdaptableBeans(Lorg/springframework/beans/factory/ListableBeanFactory;)V+34
j  org.springframework.boot.web.servlet.ServletContextInitializerBeans.<init>(Lorg/springframework/beans/factory/ListableBeanFactory;[Ljava/lang/Class;)V+54
j  org.springframework.boot.web.context.servlet.WebApplicationContextInitializer.initialize(Ljakarta/servlet/ServletContext;)V+49
j  org.springframework.boot.web.server.servlet.context.ServletWebServerApplicationContext$$Lambda+0x000001d3bf4cee48.onStartup(Ljakarta/servlet/ServletContext;)V+5
j  org.springframework.boot.tomcat.servlet.DeferredServletContainerInitializers.onStartup(Ljava/util/Set;Ljakarta/servlet/ServletContext;)V+33
j  org.apache.catalina.core.StandardContext.startInternal()V+1043
j  org.apache.catalina.util.LifecycleBase.start()V+210
j  org.apache.catalina.core.ContainerBase$StartChild.call()Ljava/lang/Void;+4
j  org.apache.catalina.core.ContainerBase$StartChild.call()Ljava/lang/Object;+1
j  java.util.concurrent.FutureTask.run()V+39 java.base@21.0.9
j  org.apache.tomcat.util.threads.InlineExecutorService.execute(Ljava/lang/Runnable;)V+38
j  java.util.concurrent.AbstractExecutorService.submit(Ljava/util/concurrent/Callable;)Ljava/util/concurrent/Future;+20 java.base@21.0.9
j  org.apache.catalina.core.ContainerBase.startInternal()V+116
j  org.apache.catalina.core.StandardHost.startInternal()V+177
j  org.apache.catalina.util.LifecycleBase.start()V+210
j  org.apache.catalina.core.ContainerBase$StartChild.call()Ljava/lang/Void;+4
j  org.apache.catalina.core.ContainerBase$StartChild.call()Ljava/lang/Object;+1
j  java.util.concurrent.FutureTask.run()V+39 java.base@21.0.9
j  org.apache.tomcat.util.threads.InlineExecutorService.execute(Ljava/lang/Runnable;)V+38
j  java.util.concurrent.AbstractExecutorService.submit(Ljava/util/concurrent/Callable;)Ljava/util/concurrent/Future;+20 java.base@21.0.9
j  org.apache.catalina.core.ContainerBase.startInternal()V+116
j  org.apache.catalina.core.StandardEngine.startInternal()V+38
j  org.apache.catalina.util.LifecycleBase.start()V+210
j  org.apache.catalina.core.StandardService.startInternal()V+56
j  org.apache.catalina.util.LifecycleBase.start()V+210
j  org.apache.catalina.core.StandardServer.startInternal()V+84
j  org.apache.catalina.util.LifecycleBase.start()V+210
j  org.apache.catalina.startup.Tomcat.start()V+9
j  org.springframework.boot.tomcat.TomcatWebServer.initialize()V+55
j  org.springframework.boot.tomcat.TomcatWebServer.<init>(Lorg/apache/catalina/startup/Tomcat;ZLorg/springframework/boot/web/server/Shutdown;)V+66
j  org.springframework.boot.tomcat.servlet.TomcatServletWebServerFactory.getTomcatWebServer(Lorg/apache/catalina/startup/Tomcat;)Lorg/springframework/boot/tomcat/TomcatWebServer;+21
j  org.springframework.boot.tomcat.servlet.TomcatServletWebServerFactory.getWebServer([Lorg/springframework/boot/web/servlet/ServletContextInitializer;)Lorg/springframework/boot/web/server/WebServer;+30
j  org.springframework.boot.web.server.servlet.context.ServletWebServerApplicationContext.createWebServer()V+68
j  org.springframework.boot.web.server.servlet.context.ServletWebServerApplicationContext.onRefresh()V+5
j  org.springframework.context.support.AbstractApplicationContext.refresh()V+85
j  org.springframework.boot.web.server.servlet.context.ServletWebServerApplicationContext.refresh()V+1
j  org.springframework.boot.SpringApplication.refresh(Lorg/springframework/context/ConfigurableApplicationContext;)V+1
j  org.springframework.boot.SpringApplication.refreshContext(Lorg/springframework/context/ConfigurableApplicationContext;)V+19
j  org.springframework.boot.SpringApplication.run([Ljava/lang/String;)Lorg/springframework/context/ConfigurableApplicationContext;+113
j  org.springframework.boot.SpringApplication.run([Ljava/lang/Class;[Ljava/lang/String;)Lorg/springframework/context/ConfigurableApplicationContext;+9
j  org.springframework.boot.SpringApplication.run(Ljava/lang/Class;[Ljava/lang/String;)Lorg/springframework/context/ConfigurableApplicationContext;+9
j  com.rentflow.RentflowApplication.main([Ljava/lang/String;)V+3
v  ~StubRoutines::call_stub 0x000001d3b6e1100d

Compiled method (n/a)   33429  563     n 0       java.lang.ClassLoader::defineClass1 (native)
 total in heap  [0x000001d3b6ff5c10,0x000001d3b6ff6270] = 1632
 relocation     [0x000001d3b6ff5d70,0x000001d3b6ff5da8] = 56
 main code      [0x000001d3b6ff5dc0,0x000001d3b6ff626f] = 1199
 stub code      [0x000001d3b6ff626f,0x000001d3b6ff6270] = 1

[Constant Pool (empty)]

[MachCode]
[Entry Point]
  # {method} {0x000001d3be43a5f0} 'defineClass1' '(Ljava/lang/ClassLoader;Ljava/lang/String;[BIILjava/security/ProtectionDomain;Ljava/lang/String;)Ljava/lang/Class;' in 'java/lang/ClassLoader'
  # parm0:    rdx:rdx   = 'java/lang/ClassLoader'
  # parm1:    r8:r8     = 'java/lang/String'
  # parm2:    r9:r9     = '[B'
  # parm3:    rdi       = int
  # parm4:    rsi       = int
  # parm5:    rcx:rcx   = 'java/security/ProtectionDomain'
  # parm6:    [sp+0xa0]   = 'java/lang/String'  (sp of caller)
  0x000001d3b6ff5dc0: 448b 5208 | 49bb 0000 | 00be d301 | 0000 4d03 | d349 3bc2 | 0f84 0600 

  0x000001d3b6ff5dd8: ;   {runtime_call ic_miss_stub}
  0x000001d3b6ff5dd8: 0000 e9a1 | 89e6 ff90 
[Verified Entry Point]
  0x000001d3b6ff5de0: 8984 2400 | 80ff ff55 | 488b ec48 | 81ec 9000 | 0000 6690 | 4181 7f20 | 0500 0000 

  0x000001d3b6ff5dfc: ;   {runtime_call StubRoutines (final stubs)}
  0x000001d3b6ff5dfc: 7405 e85d | efe4 ff48 | 837d 1000 | 488d 4510 | 480f 4445 | 1048 8944 | 2440 4889 | 4c24 7048 
  0x000001d3b6ff5e1c: 83f9 0048 | 8d44 2470 | 480f 4444 | 2470 4889 | 4424 3848 | 8974 2430 | 4889 7c24 | 284c 894c 
  0x000001d3b6ff5e3c: 2458 4983 | f900 488d | 4424 5848 | 0f44 4424 | 5848 8944 | 2420 4c89 | 4424 5049 | 83f8 004c 
  0x000001d3b6ff5e5c: 8d4c 2450 | 4c0f 444c | 2450 4889 | 5424 4848 | 83fa 004c | 8d44 2448 | 4c0f 4444 

  0x000001d3b6ff5e78: ;   {oop(a 'java/lang/Class'{0x00000000c215c170} = 'java/lang/ClassLoader')}
  0x000001d3b6ff5e78: 2448 49be | 70c1 15c2 | 0000 0000 | 4c89 7424 | 784c 8d74 | 2478 498b | d6c5 f877 

  0x000001d3b6ff5e94: ;   {internal_word}
  0x000001d3b6ff5e94: 49ba 915e | ffb6 d301 | 0000 4d89 | 97a8 0300 | 0049 89a7 | a003 0000 

  0x000001d3b6ff5eac: ;   {external_word}
  0x000001d3b6ff5eac: 49ba c087 | d940 fd7f | 0000 4180 | 3a00 0f84 | 4e00 0000 | 5241 5041 

  0x000001d3b6ff5ec4: ;   {metadata({method} {0x000001d3be43a5f0} 'defineClass1' '(Ljava/lang/ClassLoader;Ljava/lang/String;[BIILjava/security/ProtectionDomain;Ljava/lang/String;)Ljava/lang/Class;' in 'java/lang/ClassLoader')}
  0x000001d3b6ff5ec4: 5148 bae8 | a543 bed3 | 0100 0049 | 8bcf 4883 | ec20 40f6 | c40f 0f84 | 1900 0000 | 4883 ec08 
  0x000001d3b6ff5ee4: ;   {runtime_call}
  0x000001d3b6ff5ee4: 48b8 901e | 8a40 fd7f | 0000 ffd0 | 4883 c408 | e90c 0000 

  0x000001d3b6ff5ef8: ;   {runtime_call}
  0x000001d3b6ff5ef8: 0048 b890 | 1e8a 40fd | 7f00 00ff | d048 83c4 | 2041 5941 | 585a 498d | 8fc0 0300 | 0041 c787 
  0x000001d3b6ff5f18: 4c04 0000 | 0400 0000 

  0x000001d3b6ff5f20: ;   {runtime_call}
  0x000001d3b6ff5f20: 48b8 ac16 | 37e1 fd7f | 0000 ffd0 | c5f8 7741 | c787 4c04 | 0000 0500 | 0000 f083 | 4424 c000 
  0x000001d3b6ff5f40: 493b af50 | 0400 000f | 870e 0000 | 0041 83bf | 4804 0000 | 000f 842b | 0000 00c5 | f877 4889 
  0x000001d3b6ff5f60: 45f8 498b | cf4c 8be4 | 4883 ec20 | 4883 e4f0 

  0x000001d3b6ff5f70: ;   {runtime_call}
  0x000001d3b6ff5f70: 48b8 60cb | 5540 fd7f | 0000 ffd0 | 498b e44d | 33e4 488b | 45f8 41c7 | 874c 0400 | 0008 0000 
  0x000001d3b6ff5f90: 0041 83bf | c804 0000 | 020f 84a3 

  0x000001d3b6ff5f9c: ;   {external_word}
  0x000001d3b6ff5f9c: 0200 0049 | bac0 87d9 | 40fd 7f00 | 0041 803a | 000f 844c | 0000 0048 

  0x000001d3b6ff5fb4: ;   {metadata({method} {0x000001d3be43a5f0} 'defineClass1' '(Ljava/lang/ClassLoader;Ljava/lang/String;[BIILjava/security/ProtectionDomain;Ljava/lang/String;)Ljava/lang/Class;' in 'java/lang/ClassLoader')}
  0x000001d3b6ff5fb4: 8945 f848 | bae8 a543 | bed3 0100 | 0049 8bcf | 4883 ec20 | 40f6 c40f | 0f84 1900 | 0000 4883 
  0x000001d3b6ff5fd4: ;   {runtime_call}
  0x000001d3b6ff5fd4: ec08 48b8 | 901e 8a40 | fd7f 0000 | ffd0 4883 | c408 e90c 

  0x000001d3b6ff5fe8: ;   {runtime_call}
  0x000001d3b6ff5fe8: 0000 0048 | b890 1e8a | 40fd 7f00 | 00ff d048 | 83c4 2048 | 8b45 f849 | c787 a003 | 0000 0000 
  0x000001d3b6ff6008: 0000 49c7 | 87a8 0300 | 0000 0000 | 00c5 f877 | 4885 c00f | 84fe 0100 | 00a8 030f | 8508 0000 
  0x000001d3b6ff6028: 0048 8b00 | e9ee 0100 | 00a8 010f | 8509 0000 | 0048 8b40 | fee9 dd01 | 0000 488b | 40ff 4180 
  0x000001d3b6ff6048: 7f40 000f | 84ce 0100 | 0048 83f8 | 000f 84c4 | 0100 0049 | 8b4f 2848 | 83f9 000f | 8414 0000 
  0x000001d3b6ff6068: 0048 83e9 | 0849 894f | 2849 034f | 3848 8901 | e9a2 0100 | 0048 81ec | d000 0000 | 4889 0424 
  0x000001d3b6ff6088: 4889 4c24 | 0848 8954 | 2410 4889 | 7424 1848 | 897c 2420 | 4c89 4424 | 284c 894c | 2430 4c89 
  0x000001d3b6ff60a8: 5424 384c | 895c 2440 | c5fb 1144 | 2450 c5fb | 114c 2458 | c5fb 1154 | 2460 c5fb | 115c 2468 
  0x000001d3b6ff60c8: c5fb 1164 | 2470 c5fb | 116c 2478 | c5fb 11b4 | 2480 0000 | 00c5 fb11 | bc24 8800 | 0000 c57b 
  0x000001d3b6ff60e8: ;   {no_reloc}
  0x000001d3b6ff60e8: 1184 2490 | 0000 00c5 | 7b11 8c24 | 9800 0000 | c57b 1194 | 24a0 0000 | 00c5 7b11 | 9c24 a800 
  0x000001d3b6ff6108: 0000 c57b | 11a4 24b0 | 0000 00c5 | 7b11 ac24 | b800 0000 | c57b 11b4 | 24c0 0000 | 00c5 7b11 
  0x000001d3b6ff6128: bc24 c800 | 0000 498b | d748 8bc8 | 4883 ec20 | 40f6 c40f | 0f84 1900 | 0000 4883 

  0x000001d3b6ff6144: ;   {runtime_call}
  0x000001d3b6ff6144: ec08 48b8 | d001 4940 | fd7f 0000 | ffd0 4883 | c408 e90c 

  0x000001d3b6ff6158: ;   {runtime_call}
  0x000001d3b6ff6158: 0000 0048 | b8d0 0149 | 40fd 7f00 | 00ff d048 | 83c4 20c5 | 7b10 bc24 | c800 0000 | c57b 10b4 
  0x000001d3b6ff6178: 24c0 0000 | 00c5 7b10 | ac24 b800 | 0000 c57b | 10a4 24b0 | 0000 00c5 | 7b10 9c24 | a800 0000 
  0x000001d3b6ff6198: c57b 1094 | 24a0 0000 | 00c5 7b10 | 8c24 9800 | 0000 c57b | 1084 2490 | 0000 00c5 | fb10 bc24 
  0x000001d3b6ff61b8: 8800 0000 | c5fb 10b4 | 2480 0000 | 00c5 fb10 | 6c24 78c5 | fb10 6424 | 70c5 fb10 | 5c24 68c5 
  0x000001d3b6ff61d8: fb10 5424 | 60c5 fb10 | 4c24 58c5 | fb10 4424 | 504c 8b5c | 2440 4c8b | 5424 384c | 8b4c 2430 
  0x000001d3b6ff61f8: 4c8b 4424 | 2848 8b7c | 2420 488b | 7424 1848 | 8b54 2410 | 488b 4c24 | 0848 8b04 | 2448 81c4 
  0x000001d3b6ff6218: d000 0000 | c5f8 7749 | 8b8f 3004 | 0000 c781 | 0001 0000 | 0000 0000 | c949 837f | 0800 0f85 
  0x000001d3b6ff6238: 0100 0000 

  0x000001d3b6ff623c: ;   {runtime_call StubRoutines (initial stubs)}
  0x000001d3b6ff623c: c3e9 beac | e1ff c5f8 | 7748 8945 | f84c 8be4 | 4883 ec20 | 4883 e4f0 

  0x000001d3b6ff6254: ;   {runtime_call}
  0x000001d3b6ff6254: 48b8 4056 | 8a40 fd7f | 0000 ffd0 | 498b e44d | 33e4 488b | 45f8 e930 | fdff fff4 
[/MachCode]


Compiled method (c1)   33445  930       1       java.lang.ClassLoader::defineClass (43 bytes)
 total in heap  [0x000001d3b7092610,0x000001d3b7092bd0] = 1472
 relocation     [0x000001d3b7092770,0x000001d3b70927e0] = 112
 main code      [0x000001d3b70927e0,0x000001d3b70929a0] = 448
 stub code      [0x000001d3b70929a0,0x000001d3b7092a18] = 120
 metadata       [0x000001d3b7092a18,0x000001d3b7092a48] = 48
 scopes data    [0x000001d3b7092a48,0x000001d3b7092b00] = 184
 scopes pcs     [0x000001d3b7092b00,0x000001d3b7092ba0] = 160
 dependencies   [0x000001d3b7092ba0,0x000001d3b7092ba8] = 8
 nul chk table  [0x000001d3b7092ba8,0x000001d3b7092bd0] = 40

[Constant Pool (empty)]

[MachCode]
[Entry Point]
  # {method} {0x000001d3be43a970} 'defineClass' '(Ljava/lang/String;[BIILjava/security/ProtectionDomain;)Ljava/lang/Class;' in 'java/lang/ClassLoader'
  # this:     rdx:rdx   = 'java/lang/ClassLoader'
  # parm0:    r8:r8     = 'java/lang/String'
  # parm1:    r9:r9     = '[B'
  # parm2:    rdi       = int
  # parm3:    rsi       = int
  # parm4:    rcx:rcx   = 'java/security/ProtectionDomain'
  #           [sp+0xc0]  (sp of caller)
  0x000001d3b70927e0: 448b 5208 | 49bb 0000 | 00be d301 | 0000 4d03 | d34c 3bd0 

  0x000001d3b70927f4: ;   {runtime_call ic_miss_stub}
  0x000001d3b70927f4: 0f85 86bf | dcff 660f | 1f44 0000 
[Verified Entry Point]
  0x000001d3b7092800: 8984 2400 | 80ff ff55 | 4881 ecb0 | 0000 0090 | 4181 7f20 | 0500 0000 

  0x000001d3b7092818: ;   {runtime_call StubRoutines (final stubs)}
  0x000001d3b7092818: 7405 e841 | 25db ff48 | 8954 2478 | 89b4 2494 | 0000 0089 | bc24 9000 | 0000 4c89 | 8c24 8800 
  0x000001d3b7092838: 0000 498b | d84c 8bc3 | 4c8b c948 | 8bca 488b | d148 899c | 2480 0000 | 0066 0f1f 

  0x000001d3b7092854: ;   {optimized virtual_call}
  0x000001d3b7092854: 4400 00e8 

  0x000001d3b7092858: ; ImmutableOopMap {[120]=Oop [128]=Oop [136]=Oop }
                      ;*invokevirtual preDefineClass {reexecute=0 rethrow=0 return_oop=0}
                      ; - java.lang.ClassLoader::defineClass@4 (line 1025)
  0x000001d3b7092858: 6406 0000 

  0x000001d3b709285c: ;   {other}
  0x000001d3b709285c: 0f1f 8400 | 4c02 0000 | 4889 8424 | 9800 0000 

  0x000001d3b709286c: ; implicit exception: dispatches to 0x000001d3b709294a
  0x000001d3b709286c: 448b 4010 | 4d85 c00f | 850f 0000 

  0x000001d3b7092878: ;   {oop(nullptr)}
  0x000001d3b7092878: 0048 bb00 | 0000 0000 | 0000 00e9 | 3f00 0000 

  0x000001d3b7092888: ; implicit exception: dispatches to 0x000001d3b709294f
  0x000001d3b7092888: 458b 400c | 4d85 c00f | 850f 0000 

  0x000001d3b7092894: ;   {oop(nullptr)}
  0x000001d3b7092894: 0048 bb00 | 0000 0000 | 0000 00e9 | 2300 0000 

  0x000001d3b70928a4: ; implicit exception: dispatches to 0x000001d3b7092954
  0x000001d3b70928a4: 418b 5038 

  0x000001d3b70928a8: ; implicit exception: dispatches to 0x000001d3b7092959
  0x000001d3b70928a8: 483b 020f 

  0x000001d3b70928ac: ;   {optimized virtual_call}
  0x000001d3b70928ac: 1f40 00e8 

  0x000001d3b70928b0: ; ImmutableOopMap {[120]=Oop [128]=Oop [136]=Oop [152]=Oop }
                      ;*invokevirtual toExternalForm {reexecute=0 rethrow=0 return_oop=0}
                      ; - java.net.URL::toExternalForm@5 (line 1203)
                      ; - java.net.URL::toString@1 (line 1189)
                      ; - java.lang.ClassLoader::defineClassSourceLocation@22 (line 927)
                      ; - java.lang.ClassLoader::defineClass@12 (line 1026)
  0x000001d3b70928b0: 4c70 f7ff 

  0x000001d3b70928b4: ;   {other}
  0x000001d3b70928b4: 0f1f 8400 | a402 0001 | 488b d848 | 8b84 2498 | 0000 008b | b424 9400 | 0000 8bbc | 2490 0000 
  0x000001d3b70928d4: 004c 8b8c | 2488 0000 | 004c 8b84 | 2480 0000 | 0048 8b54 | 2478 4c8b | da49 8bd3 | 488b c848 
  0x000001d3b70928f4: ;   {static_call}
  0x000001d3b70928f4: 891c 24e8 

  0x000001d3b70928f8: ; ImmutableOopMap {[120]=Oop [152]=Oop }
                      ;*invokestatic defineClass1 {reexecute=0 rethrow=0 return_oop=0}
                      ; - java.lang.ClassLoader::defineClass@27 (line 1027)
  0x000001d3b70928f8: e434 f6ff 

  0x000001d3b70928fc: ;   {other}
  0x000001d3b70928fc: 0f1f 8400 | ec02 0002 | 4c8b c04c | 8b8c 2498 | 0000 0048 | 8b54 2478 | 4889 8424 | a000 0000 
  0x000001d3b709291c: ;   {optimized virtual_call}
  0x000001d3b709291c: 6666 90e8 

  0x000001d3b7092920: ; ImmutableOopMap {[160]=Oop }
                      ;*invokevirtual postDefineClass {reexecute=0 rethrow=0 return_oop=0}
                      ; - java.lang.ClassLoader::defineClass@37 (line 1028)
  0x000001d3b7092920: dc25 0000 

  0x000001d3b7092924: ;   {other}
  0x000001d3b7092924: 0f1f 8400 | 1403 0003 | 488b 8424 | a000 0000 | 4881 c4b0 | 0000 005d 

  0x000001d3b709293c: ;   {poll_return}
  0x000001d3b709293c: 493b a750 | 0400 000f | 8715 0000 

  0x000001d3b7092948: ;   {runtime_call throw_null_pointer_exception Runtime1 stub}
  0x000001d3b7092948: 00c3 e831 

  0x000001d3b709294c: ; ImmutableOopMap {rax=Oop [120]=Oop [128]=Oop [136]=Oop [152]=Oop }
                      ;*invokevirtual getCodeSource {reexecute=0 rethrow=0 return_oop=0}
                      ; - java.lang.ClassLoader::defineClassSourceLocation@1 (line 924)
                      ; - java.lang.ClassLoader::defineClass@12 (line 1026)
                      ;   {runtime_call throw_null_pointer_exception Runtime1 stub}
  0x000001d3b709294c: 01e8 ffe8 

  0x000001d3b7092950: ; ImmutableOopMap {rax=Oop [120]=Oop [128]=Oop [136]=Oop [152]=Oop }
                      ;*invokevirtual getLocation {reexecute=0 rethrow=0 return_oop=0}
                      ; - java.lang.ClassLoader::defineClassSourceLocation@12 (line 926)
                      ; - java.lang.ClassLoader::defineClass@12 (line 1026)
  0x000001d3b7092950: 2c01 e8ff 

  0x000001d3b7092954: ;   {runtime_call throw_null_pointer_exception Runtime1 stub}
  0x000001d3b7092954: e827 01e8 

  0x000001d3b7092958: ; ImmutableOopMap {r8=Oop [120]=Oop [128]=Oop [136]=Oop [152]=Oop }
                      ;*invokevirtual toString {reexecute=0 rethrow=0 return_oop=0}
                      ; - java.lang.ClassLoader::defineClassSourceLocation@22 (line 927)
                      ; - java.lang.ClassLoader::defineClass@12 (line 1026)
                      ;   {runtime_call throw_null_pointer_exception Runtime1 stub}
  0x000001d3b7092958: ffe8 2201 

  0x000001d3b709295c: ; ImmutableOopMap {r8=Oop rdx=Oop [120]=Oop [128]=Oop [136]=Oop [152]=Oop }
                      ;*invokevirtual toExternalForm {reexecute=0 rethrow=0 return_oop=0}
                      ; - java.net.URL::toExternalForm@5 (line 1203)
                      ; - java.net.URL::toString@1 (line 1189)
                      ; - java.lang.ClassLoader::defineClassSourceLocation@22 (line 927)
                      ; - java.lang.ClassLoader::defineClass@12 (line 1026)
                      ;   {internal_word}
  0x000001d3b709295c: e8ff 49ba | 3c29 09b7 | d301 0000 | 4d89 9768 

  0x000001d3b709296c: ;   {runtime_call SafepointBlob}
  0x000001d3b709296c: 0400 00e9 | 8c2d ddff | 498b 8700 | 0500 0049 | c787 0005 | 0000 0000 | 0000 49c7 | 8708 0500 
  0x000001d3b709298c: 0000 0000 | 0048 81c4 | b000 0000 

  0x000001d3b7092998: ;   {runtime_call unwind_exception Runtime1 stub}
  0x000001d3b7092998: 5de9 e2f1 | e7ff f4f4 
[Stub Code]
  0x000001d3b70929a0: ;   {no_reloc}
  0x000001d3b70929a0: 0f1f 4400 

  0x000001d3b70929a4: ;   {static_stub}
  0x000001d3b70929a4: 0048 bb00 | 0000 0000 

  0x000001d3b70929ac: ;   {runtime_call}
  0x000001d3b70929ac: 0000 00e9 | fbff ffff 

  0x000001d3b70929b4: ;   {static_stub}
  0x000001d3b70929b4: 48bb 0000 | 0000 0000 

  0x000001d3b70929bc: ;   {runtime_call}
  0x000001d3b70929bc: 0000 e9fb 

  0x000001d3b70929c0: ;   {static_stub}
  0x000001d3b70929c0: ffff ff48 | bb00 0000 | 0000 0000 

  0x000001d3b70929cc: ;   {runtime_call}
  0x000001d3b70929cc: 00e9 fbff 

  0x000001d3b70929d0: ;   {static_stub}
  0x000001d3b70929d0: ffff 48bb | 0000 0000 | 0000 0000 

  0x000001d3b70929dc: ;   {runtime_call}
  0x000001d3b70929dc: e9fb ffff 

  0x000001d3b70929e0: ;   {runtime_call handle_exception_from_callee Runtime1 stub}
  0x000001d3b70929e0: ffe8 9a1e 

  0x000001d3b70929e4: ;   {external_word}
  0x000001d3b70929e4: e8ff 48b9 | b078 b140 | fd7f 0000 | 4883 e4f0 

  0x000001d3b70929f4: ;   {runtime_call}
  0x000001d3b70929f4: 48b8 9041 | 7940 fd7f | 0000 ffd0 

  0x000001d3b7092a00: ;   {section_word}
  0x000001d3b7092a00: f449 ba01 | 2a09 b7d3 | 0100 0041 

  0x000001d3b7092a0c: ;   {runtime_call DeoptimizationBlob}
  0x000001d3b7092a0c: 52e9 8e1f | ddff f4f4 | f4f4 f4f4 
[/MachCode]


Compiled method (c1)   33458  804       1       jdk.internal.loader.BuiltinClassLoader::defineClass (121 bytes)
 total in heap  [0x000001d3b705dc90,0x000001d3b705eba0] = 3856
 relocation     [0x000001d3b705ddf0,0x000001d3b705df38] = 328
 main code      [0x000001d3b705df40,0x000001d3b705e600] = 1728
 stub code      [0x000001d3b705e600,0x000001d3b705e720] = 288
 metadata       [0x000001d3b705e720,0x000001d3b705e768] = 72
 scopes data    [0x000001d3b705e768,0x000001d3b705e9c0] = 600
 scopes pcs     [0x000001d3b705e9c0,0x000001d3b705eb60] = 416
 dependencies   [0x000001d3b705eb60,0x000001d3b705eb68] = 8
 handler table  [0x000001d3b705eb68,0x000001d3b705eb80] = 24
 nul chk table  [0x000001d3b705eb80,0x000001d3b705eba0] = 32

[Constant Pool (empty)]

[MachCode]
[Entry Point]
  # {method} {0x000001d3be069998} 'defineClass' '(Ljava/lang/String;Ljdk/internal/loader/Resource;)Ljava/lang/Class;' in 'jdk/internal/loader/BuiltinClassLoader'
  # this:     rdx:rdx   = 'jdk/internal/loader/BuiltinClassLoader'
  # parm0:    r8:r8     = 'java/lang/String'
  # parm1:    r9:r9     = 'jdk/internal/loader/Resource'
  #           [sp+0x110]  (sp of caller)
  0x000001d3b705df40: 448b 5208 | 49bb 0000 | 00be d301 | 0000 4d03 | d34c 3bd0 

  0x000001d3b705df54: ;   {runtime_call ic_miss_stub}
  0x000001d3b705df54: 0f85 2608 | e0ff 660f | 1f44 0000 
[Verified Entry Point]
  0x000001d3b705df60: 8984 2400 | 80ff ff55 | 4881 ec00 | 0100 0090 | 4181 7f20 | 0500 0000 

  0x000001d3b705df78: ;   {runtime_call StubRoutines (final stubs)}
  0x000001d3b705df78: 7405 e8e1 | 6dde ff48 | 8994 24a0 | 0000 004c | 8984 2490 | 0000 004c | 898c 2498 | 0000 0049 
  0x000001d3b705df98: 8bd1 6666 | 9048 b8ff | ffff ffff 

  0x000001d3b705dfa4: ;   {virtual_call}
  0x000001d3b705dfa4: ffff ffe8 

  0x000001d3b705dfa8: ; ImmutableOopMap {[144]=Oop [152]=Oop [160]=Oop }
                      ;*invokevirtual getCodeSourceURL {reexecute=0 rethrow=0 return_oop=0}
                      ; - jdk.internal.loader.BuiltinClassLoader::defineClass@1 (line 842)
  0x000001d3b705dfa8: 842d ecff 

  0x000001d3b705dfac: ;   {other}
  0x000001d3b705dfac: 0f1f 8400 | 1c03 0000 | 4889 8424 | a800 0000 | 4c8b 8424 | 9000 0000 

  0x000001d3b705dfc4: ; implicit exception: dispatches to 0x000001d3b705e502
  0x000001d3b705dfc4: 418b 7014 

  0x000001d3b705dfc8: ; implicit exception: dispatches to 0x000001d3b705e507
  0x000001d3b705dfc8: 8b56 0c45 | 0fbe 4810 | 498b c9c1 | e118 c1f9 | 18d3 fa48 | 8bfa ffcf | 4585 c9ba | 0000 0000 
  0x000001d3b705dfe8: 7505 ba01 | 0000 0083 | e201 85d2 | 488b d641 | b82e 0000 | 004c 8bcf | 0f84 1300 

  0x000001d3b705e004: ;   {static_call}
  0x000001d3b705e004: 0000 90e8 

  0x000001d3b705e008: ; ImmutableOopMap {[144]=Oop [152]=Oop [160]=Oop [168]=Oop }
                      ;*invokestatic lastIndexOf {reexecute=0 rethrow=0 return_oop=0}
                      ; - java.lang.String::lastIndexOf@13 (line 2573)
                      ; - java.lang.String::lastIndexOf@8 (line 2535)
                      ; - jdk.internal.loader.BuiltinClassLoader::defineClass@8 (line 845)
  0x000001d3b705e008: b409 eeff 

  0x000001d3b705e00c: ;   {other}
  0x000001d3b705e00c: 0f1f 8400 | 7c03 0001 | e913 0000 | 0066 0f1f 

  0x000001d3b705e01c: ;   {static_call}
  0x000001d3b705e01c: 4400 00e8 

  0x000001d3b705e020: ; ImmutableOopMap {[144]=Oop [152]=Oop [160]=Oop [168]=Oop }
                      ;*invokestatic lastIndexOf {reexecute=0 rethrow=0 return_oop=0}
                      ; - java.lang.String::lastIndexOf@25 (line 2574)
                      ; - java.lang.String::lastIndexOf@8 (line 2535)
                      ; - jdk.internal.loader.BuiltinClassLoader::defineClass@8 (line 845)
  0x000001d3b705e020: 5c10 e0ff 

  0x000001d3b705e024: ;   {other}
  0x000001d3b705e024: 0f1f 8400 | 9403 0002 | 83f8 ff0f | 847f 0000 | 0041 b800 | 0000 004c | 8bc8 488b | 9424 9000 
  0x000001d3b705e044: ;   {optimized virtual_call}
  0x000001d3b705e044: 0000 90e8 

  0x000001d3b705e048: ; ImmutableOopMap {[144]=Oop [152]=Oop [160]=Oop [168]=Oop }
                      ;*invokevirtual substring {reexecute=0 rethrow=0 return_oop=0}
                      ; - jdk.internal.loader.BuiltinClassLoader::defineClass@23 (line 847)
  0x000001d3b705e048: b44e f1ff 

  0x000001d3b705e04c: ;   {other}
  0x000001d3b705e04c: 0f1f 8400 | bc03 0003 | 488b 9424 | 9800 0000 | 4889 8424 | b000 0000 | 9048 b8ff | ffff ffff 
  0x000001d3b705e06c: ;   {virtual_call}
  0x000001d3b705e06c: ffff ffe8 

  0x000001d3b705e070: ; ImmutableOopMap {[144]=Oop [152]=Oop [160]=Oop [168]=Oop [176]=Oop }
                      ;*invokevirtual getManifest {reexecute=0 rethrow=0 return_oop=0}
                      ; - jdk.internal.loader.BuiltinClassLoader::defineClass@29 (line 848)
  0x000001d3b705e070: d4b5 1200 

  0x000001d3b705e074: ;   {other}
  0x000001d3b705e074: 0f1f 8400 | e403 0004 | 4c8b 8424 | b000 0000 | 4c8b c848 | 8bbc 24a8 | 0000 0048 | 8b94 24a0 
  0x000001d3b705e094: 0000 0066 | 0f1f 4400 | 0048 b8d8 | 9f06 bed3 

  0x000001d3b705e0a4: ;   {virtual_call}
  0x000001d3b705e0a4: 0100 00e8 

  0x000001d3b705e0a8: ; ImmutableOopMap {[144]=Oop [152]=Oop [160]=Oop [168]=Oop }
                      ;*invokevirtual defineOrCheckPackage {reexecute=0 rethrow=0 return_oop=0}
                      ; - jdk.internal.loader.BuiltinClassLoader::defineClass@40 (line 849)
  0x000001d3b705e0a8: 140d 0000 

  0x000001d3b705e0ac: ;   {other}
  0x000001d3b705e0ac: 0f1f 8400 | 1c04 0005 | 4c8b 8c24 | 9800 0000 | 488d 9424 | e000 0000 | 4c89 4a08 | 498b 0148 
  0x000001d3b705e0cc: 83c8 0148 | 8902 f049 | 0fb1 110f | 8412 0000 | 0048 2bc4 | 4825 07f0 | ffff 4889 | 020f 851d 
  0x000001d3b705e0ec: 0400 0049 | ff87 5005 | 0000 418b | 510c 4885 | d20f 8551 | 0000 0049 | 8bd1 0f1f | 8000 0000 
  0x000001d3b705e10c: 0048 b8ff | ffff ffff 

  0x000001d3b705e114: ;   {virtual_call}
  0x000001d3b705e114: ffff ffe8 

  0x000001d3b705e118: ; ImmutableOopMap {[144]=Oop [152]=Oop [160]=Oop [168]=Oop [232]=Oop }
                      ;*invokevirtual getInputStream {reexecute=0 rethrow=0 return_oop=0}
                      ; - jdk.internal.loader.Resource::cachedInputStream@9 (line 77)
                      ; - jdk.internal.loader.Resource::getByteBuffer@1 (line 163)
                      ; - jdk.internal.loader.BuiltinClassLoader::defineClass@45 (line 853)
  0x000001d3b705e118: 542b ecff 

  0x000001d3b705e11c: ;   {other}
  0x000001d3b705e11c: 0f1f 8400 | 8c04 0006 | 410f be57 | 4085 d24c | 8b8c 2498 | 0000 000f | 85e6 0300 | 004c 8bd0 
  0x000001d3b705e13c: 4589 510c | 498b d148 | 33d0 48c1 | ea14 4883 | fa00 0f85 | e703 0000 | 418b 510c | 488d 8424 
  0x000001d3b705e15c: e000 0000 | 488b 3048 | 85f6 0f84 | 0f00 0000 | 488b 7808 | f048 0fb1 | 370f 85d8 | 0300 0049 
  0x000001d3b705e17c: ff8f 5005 | 0000 4885 | d20f 8443 

  0x000001d3b705e188: ;   {metadata('sun/nio/ByteBuffered')}
  0x000001d3b705e188: 0000 0048 | b888 cd36 | bed3 0100 | 008b 5a08 | 49ba 0000 | 00be d301 | 0000 4903 | da48 3b43 
  0x000001d3b705e1a8: 200f 8424 | 0000 0048 | 3bd8 0f84 | 1b00 0000 

  0x000001d3b705e1b8: ;   {runtime_call slow_subtype_check Runtime1 stub}
  0x000001d3b705e1b8: 5350 e8c1 | 72eb ff5b | 5b85 db0f | 8405 0000 | 00e9 0500 | 0000 4833 | f6eb 0a48 | be01 0000 
  0x000001d3b705e1d8: 0000 0000 | 0085 f60f | 846c 0000 | 0048 85d2 | 0f84 4300 

  0x000001d3b705e1ec: ;   {metadata('sun/nio/ByteBuffered')}
  0x000001d3b705e1ec: 0000 48bb | 88cd 36be | d301 0000 | 8b7a 0849 | ba00 0000 | bed3 0100 | 0049 03fa | 483b 5f20 
  0x000001d3b705e20c: 0f84 1f00 | 0000 483b | fb0f 8416 | 0000 0057 

  0x000001d3b705e21c: ;   {runtime_call slow_subtype_check Runtime1 stub}
  0x000001d3b705e21c: 53e8 5e72 | ebff 5f5f | 85ff 0f84 | 3d03 0000 | e900 0000 | 000f 1f40 | 0048 b8ff | ffff ffff 
  0x000001d3b705e23c: ;   {virtual_call}
  0x000001d3b705e23c: ffff ffe8 

  0x000001d3b705e240: ; ImmutableOopMap {[144]=Oop [152]=Oop [160]=Oop [168]=Oop }
                      ;*invokeinterface getByteBuffer {reexecute=0 rethrow=0 return_oop=0}
                      ; - jdk.internal.loader.Resource::getByteBuffer@16 (line 165)
                      ; - jdk.internal.loader.BuiltinClassLoader::defineClass@45 (line 853)
  0x000001d3b705e240: 3c0b e0ff 

  0x000001d3b705e244: ;   {other}
  0x000001d3b705e244: 0f1f 8400 | b405 0007 | e90a 0000 

  0x000001d3b705e250: ;   {oop(nullptr)}
  0x000001d3b705e250: 0048 b800 | 0000 0000 | 0000 0048 | 85c0 0f84 | 0601 0000 | 4889 8424 | b800 0000 | 488b 9424 
  0x000001d3b705e270: 9800 0000 | 9048 b8ff | ffff ffff 

  0x000001d3b705e27c: ;   {virtual_call}
  0x000001d3b705e27c: ffff ffe8 

  0x000001d3b705e280: ; ImmutableOopMap {[144]=Oop [160]=Oop [168]=Oop [184]=Oop }
                      ;*invokevirtual getCodeSigners {reexecute=0 rethrow=0 return_oop=0}
                      ; - jdk.internal.loader.BuiltinClassLoader::defineClass@56 (line 855)
  0x000001d3b705e280: fc0a e0ff 

  0x000001d3b705e284: ;   {other}
  0x000001d3b705e284: 0f1f 8400 | f405 0008 

  0x000001d3b705e28c: ;   {metadata('java/security/CodeSource')}
  0x000001d3b705e28c: 4c8b c848 | bad8 5a00 | bed3 0100 | 0049 8b87 | b801 0000 | 488d 7828 | 493b bfc8 | 0100 000f 
  0x000001d3b705e2ac: 87c1 0200 | 0049 89bf | b801 0000 | 48c7 0001 | 0000 0048 | 8bca 49ba | 0000 00be | d301 0000 
  0x000001d3b705e2cc: 492b ca89 | 4808 4833 | c989 480c | 4833 c948 | 8948 1048 | 8948 1848 | 8948 204c | 8b84 24a8 
  0x000001d3b705e2ec: 0000 0048 | 8bd0 4889 | 8424 c000 | 0000 0f1f 

  0x000001d3b705e2fc: ;   {optimized virtual_call}
  0x000001d3b705e2fc: 4400 00e8 

  0x000001d3b705e300: ; ImmutableOopMap {[144]=Oop [160]=Oop [184]=Oop [192]=Oop }
                      ;*invokespecial <init> {reexecute=0 rethrow=0 return_oop=0}
                      ; - jdk.internal.loader.BuiltinClassLoader::defineClass@68 (line 856)
  0x000001d3b705e300: 7c07 e0ff 

  0x000001d3b705e304: ;   {other}
  0x000001d3b705e304: 0f1f 8400 | 7406 0009 | 4c8b 8424 | c000 0000 | 488b 9424 | a000 0000 

  0x000001d3b705e31c: ;   {optimized virtual_call}
  0x000001d3b705e31c: 6666 90e8 

  0x000001d3b705e320: ; ImmutableOopMap {[144]=Oop [160]=Oop [184]=Oop }
                      ;*invokevirtual getProtectionDomain {reexecute=0 rethrow=0 return_oop=0}
                      ; - java.security.SecureClassLoader::defineClass@5 (line 182)
                      ; - jdk.internal.loader.BuiltinClassLoader::defineClass@79 (line 857)
  0x000001d3b705e320: 5c07 e0ff 

  0x000001d3b705e324: ;   {other}
  0x000001d3b705e324: 0f1f 8400 | 9406 000a | 4c8b 8424 | 9000 0000 | 4c8b 8c24 | b800 0000 | 488b f848 | 8b94 24a0 
  0x000001d3b705e344: ;   {optimized virtual_call}
  0x000001d3b705e344: 0000 00e8 

  0x000001d3b705e348: ; ImmutableOopMap {}
                      ;*invokevirtual defineClass {reexecute=0 rethrow=0 return_oop=0}
                      ; - java.security.SecureClassLoader::defineClass@8 (line 182)
                      ; - jdk.internal.loader.BuiltinClassLoader::defineClass@79 (line 857)
  0x000001d3b705e348: 3407 e0ff 

  0x000001d3b705e34c: ;   {other}
  0x000001d3b705e34c: 0f1f 8400 | bc06 000b | 4881 c400 | 0100 005d 

  0x000001d3b705e35c: ;   {poll_return}
  0x000001d3b705e35c: 493b a750 | 0400 000f | 8716 0200 | 00c3 4c8b | 8c24 9800 | 0000 498b | d148 b8ff | ffff ffff 
  0x000001d3b705e37c: ;   {virtual_call}
  0x000001d3b705e37c: ffff ffe8 

  0x000001d3b705e380: ; ImmutableOopMap {[144]=Oop [152]=Oop [160]=Oop [168]=Oop }
                      ;*invokevirtual getBytes {reexecute=0 rethrow=0 return_oop=0}
                      ; - jdk.internal.loader.BuiltinClassLoader::defineClass@84 (line 859)
  0x000001d3b705e380: 342c ecff 

  0x000001d3b705e384: ;   {other}
  0x000001d3b705e384: 0f1f 8400 | f406 000c | 4889 8424 | c800 0000 | 488b 9424 | 9800 0000 | 9048 b8ff | ffff ffff 
  0x000001d3b705e3a4: ;   {virtual_call}
  0x000001d3b705e3a4: ffff ffe8 

  0x000001d3b705e3a8: ; ImmutableOopMap {[144]=Oop [160]=Oop [168]=Oop [200]=Oop }
                      ;*invokevirtual getCodeSigners {reexecute=0 rethrow=0 return_oop=0}
                      ; - jdk.internal.loader.BuiltinClassLoader::defineClass@90 (line 860)
  0x000001d3b705e3a8: 3cb2 1200 

  0x000001d3b705e3ac: ;   {other}
  0x000001d3b705e3ac: 0f1f 8400 | 1c07 000d 

  0x000001d3b705e3b4: ;   {metadata('java/security/CodeSource')}
  0x000001d3b705e3b4: 4c8b c848 | bad8 5a00 | bed3 0100 | 0049 8b87 | b801 0000 | 488d 7828 | 493b bfc8 | 0100 000f 
  0x000001d3b705e3d4: 87bc 0100 | 0049 89bf | b801 0000 | 48c7 0001 | 0000 0048 | 8bca 49ba | 0000 00be | d301 0000 
  0x000001d3b705e3f4: 492b ca89 | 4808 4833 | c989 480c | 4833 c948 | 8948 1048 | 8948 1848 | 8948 204c | 8b84 24a8 
  0x000001d3b705e414: 0000 0048 | 8bd0 4889 | 8424 d000 | 0000 0f1f 

  0x000001d3b705e424: ;   {optimized virtual_call}
  0x000001d3b705e424: 4400 00e8 

  0x000001d3b705e428: ; ImmutableOopMap {[144]=Oop [160]=Oop [200]=Oop [208]=Oop }
                      ;*invokespecial <init> {reexecute=0 rethrow=0 return_oop=0}
                      ; - jdk.internal.loader.BuiltinClassLoader::defineClass@102 (line 861)
  0x000001d3b705e428: 5431 0300 

  0x000001d3b705e42c: ;   {other}
  0x000001d3b705e42c: 0f1f 8400 | 9c07 000e | 488b 8424 | c800 0000 

  0x000001d3b705e43c: ; implicit exception: dispatches to 0x000001d3b705e5a2
  0x000001d3b705e43c: 8b70 0c4c | 8b84 24d0 | 0000 0048 | 8b94 24a0 | 0000 0089 | b424 d800 

  0x000001d3b705e454: ;   {optimized virtual_call}
  0x000001d3b705e454: 0000 90e8 

  0x000001d3b705e458: ; ImmutableOopMap {[144]=Oop [160]=Oop [200]=Oop }
                      ;*invokevirtual getProtectionDomain {reexecute=0 rethrow=0 return_oop=0}
                      ; - java.security.SecureClassLoader::defineClass@9 (line 150)
                      ; - jdk.internal.loader.BuiltinClassLoader::defineClass@117 (line 862)
  0x000001d3b705e458: 2437 0300 

  0x000001d3b705e45c: ;   {other}
  0x000001d3b705e45c: 0f1f 8400 | cc07 000f | 4c8b 8424 | 9000 0000 | 4c8b 8c24 | c800 0000 | bf00 0000 | 008b b424 
  0x000001d3b705e47c: d800 0000 | 488b c848 | 8b94 24a0 | 0000 000f 

  0x000001d3b705e48c: ;   {optimized virtual_call}
  0x000001d3b705e48c: 1f40 00e8 

  0x000001d3b705e490: ; ImmutableOopMap {}
                      ;*invokevirtual defineClass {reexecute=0 rethrow=0 return_oop=0}
                      ; - java.security.SecureClassLoader::defineClass@12 (line 150)
                      ; - jdk.internal.loader.BuiltinClassLoader::defineClass@117 (line 862)
  0x000001d3b705e490: 6c43 0300 

  0x000001d3b705e494: ;   {other}
  0x000001d3b705e494: 0f1f 8400 | 0408 0010 | 4881 c400 | 0100 005d 

  0x000001d3b705e4a4: ;   {poll_return}
  0x000001d3b705e4a4: 493b a750 | 0400 000f | 87f6 0000 | 00c3 498b | 8700 0500 | 004d 33d2 | 4d89 9700 | 0500 004d 
  0x000001d3b705e4c4: 33d2 4d89 | 9708 0500 | 0048 8bf0 | 488d 8424 | e000 0000 | 488b 3848 | 85ff 0f84 | 0f00 0000 
  0x000001d3b705e4e4: 488b 5808 | f048 0fb1 | 3b0f 85ca | 0000 0049 | ff8f 5005 | 0000 488b | c6e9 ee00 

  0x000001d3b705e500: ;   {runtime_call throw_null_pointer_exception Runtime1 stub}
  0x000001d3b705e500: 0000 e879 

  0x000001d3b705e504: ; ImmutableOopMap {rax=Oop r8=Oop [144]=Oop [152]=Oop [160]=Oop [168]=Oop }
                      ;*invokevirtual lastIndexOf {reexecute=0 rethrow=0 return_oop=0}
                      ; - jdk.internal.loader.BuiltinClassLoader::defineClass@8 (line 845)
                      ;   {runtime_call throw_null_pointer_exception Runtime1 stub}
  0x000001d3b705e504: 45eb ffe8 

  0x000001d3b705e508: ; ImmutableOopMap {rax=Oop r8=Oop rsi=Oop [144]=Oop [152]=Oop [160]=Oop [168]=Oop }
                      ;*arraylength {reexecute=0 rethrow=0 return_oop=0}
                      ; - java.lang.String::length@4 (line 1519)
                      ; - java.lang.String::lastIndexOf@3 (line 2535)
                      ; - jdk.internal.loader.BuiltinClassLoader::defineClass@8 (line 845)
  0x000001d3b705e508: 7445 ebff | 4c89 4c24 | 0848 8914 

  0x000001d3b705e514: ;   {runtime_call monitorenter_nofpu Runtime1 stub}
  0x000001d3b705e514: 24e8 6675 

  0x000001d3b705e518: ; ImmutableOopMap {r9=Oop [144]=Oop [152]=Oop [160]=Oop [168]=Oop [232]=Oop }
                      ;*synchronization entry
                      ; - jdk.internal.loader.Resource::cachedInputStream@-1 (line 76)
                      ; - jdk.internal.loader.Resource::getByteBuffer@1 (line 163)
                      ; - jdk.internal.loader.BuiltinClassLoader::defineClass@45 (line 853)
  0x000001d3b705e518: ebff e9d7 | fbff ff41 | 8b51 0c48 | 83fa 000f | 840c fcff | ff48 8914 

  0x000001d3b705e530: ;   {runtime_call g1_pre_barrier_slow}
  0x000001d3b705e530: 24e8 4a9c | ebff e9fe | fbff ff48 | 83f8 000f | 840f fcff | ff4c 890c 

  0x000001d3b705e548: ;   {runtime_call g1_post_barrier_slow}
  0x000001d3b705e548: 24e8 329f | ebff e901 | fcff ff48 | 8d84 24e0 | 0000 0048 

  0x000001d3b705e55c: ;   {runtime_call monitorexit_nofpu Runtime1 stub}
  0x000001d3b705e55c: 8904 24e8 | 1c7b ebff | e919 fcff | ff48 8914 

  0x000001d3b705e56c: ;   {runtime_call throw_class_cast_exception Runtime1 stub}
  0x000001d3b705e56c: 24e8 0e69 

  0x000001d3b705e570: ; ImmutableOopMap {[144]=Oop [152]=Oop [160]=Oop [168]=Oop }
                      ;*checkcast {reexecute=0 rethrow=0 return_oop=0}
                      ; - jdk.internal.loader.Resource::getByteBuffer@13 (line 165)
                      ; - jdk.internal.loader.BuiltinClassLoader::defineClass@45 (line 853)
  0x000001d3b705e570: ebff 488b 

  0x000001d3b705e574: ;   {runtime_call fast_new_instance Runtime1 stub}
  0x000001d3b705e574: d2e8 064e 

  0x000001d3b705e578: ; ImmutableOopMap {r9=Oop [144]=Oop [160]=Oop [168]=Oop [184]=Oop }
                      ;*new {reexecute=0 rethrow=0 return_oop=0}
                      ; - jdk.internal.loader.BuiltinClassLoader::defineClass@61 (line 856)
  0x000001d3b705e578: ebff e968 

  0x000001d3b705e57c: ;   {internal_word}
  0x000001d3b705e57c: fdff ff49 | ba5c e305 | b7d3 0100 | 004d 8997 | 6804 0000 

  0x000001d3b705e590: ;   {runtime_call SafepointBlob}
  0x000001d3b705e590: e96b 71e0 | ff48 8bd2 

  0x000001d3b705e598: ;   {runtime_call fast_new_instance Runtime1 stub}
  0x000001d3b705e598: e8e3 4deb 

  0x000001d3b705e59c: ; ImmutableOopMap {r9=Oop [144]=Oop [160]=Oop [168]=Oop [200]=Oop }
                      ;*new {reexecute=0 rethrow=0 return_oop=0}
                      ; - jdk.internal.loader.BuiltinClassLoader::defineClass@95 (line 861)
  0x000001d3b705e59c: ffe9 6dfe 

  0x000001d3b705e5a0: ;   {runtime_call throw_null_pointer_exception Runtime1 stub}
  0x000001d3b705e5a0: ffff e8d9 

  0x000001d3b705e5a4: ; ImmutableOopMap {rax=Oop [144]=Oop [160]=Oop [200]=Oop [208]=Oop }
                      ;*arraylength {reexecute=0 rethrow=0 return_oop=0}
                      ; - jdk.internal.loader.BuiltinClassLoader::defineClass@114 (line 862)
                      ;   {internal_word}
  0x000001d3b705e5a4: 44eb ff49 | baa4 e405 | b7d3 0100 | 004d 8997 | 6804 0000 

  0x000001d3b705e5b8: ;   {runtime_call SafepointBlob}
  0x000001d3b705e5b8: e943 71e0 | ff48 8d84 | 24e0 0000 | 0048 8904 

  0x000001d3b705e5c8: ;   {runtime_call monitorexit_nofpu Runtime1 stub}
  0x000001d3b705e5c8: 24e8 b27a | ebff e927 | ffff ff49 | 8b87 0005 | 0000 49c7 | 8700 0500 | 0000 0000 | 0049 c787 
  0x000001d3b705e5e8: 0805 0000 | 0000 0000 | 4881 c400 | 0100 005d 

  0x000001d3b705e5f8: ;   {runtime_call unwind_exception Runtime1 stub}
  0x000001d3b705e5f8: e983 35eb | fff4 f4f4 
[Stub Code]
  0x000001d3b705e600: ;   {no_reloc}
  0x000001d3b705e600: 0f1f 4400 

  0x000001d3b705e604: ;   {static_stub}
  0x000001d3b705e604: 0048 bb00 | 0000 0000 

  0x000001d3b705e60c: ;   {runtime_call}
  0x000001d3b705e60c: 0000 00e9 | fbff ffff 

  0x000001d3b705e614: ;   {static_stub}
  0x000001d3b705e614: 9048 bb00 | 0000 0000 

  0x000001d3b705e61c: ;   {runtime_call}
  0x000001d3b705e61c: 0000 00e9 | fbff ffff 

  0x000001d3b705e624: ;   {static_stub}
  0x000001d3b705e624: 9048 bb00 | 0000 0000 

  0x000001d3b705e62c: ;   {runtime_call}
  0x000001d3b705e62c: 0000 00e9 | fbff ffff 

  0x000001d3b705e634: ;   {static_stub}
  0x000001d3b705e634: 9048 bb00 | 0000 0000 

  0x000001d3b705e63c: ;   {runtime_call}
  0x000001d3b705e63c: 0000 00e9 | fbff ffff 

  0x000001d3b705e644: ;   {static_stub}
  0x000001d3b705e644: 9048 bb00 | 0000 0000 

  0x000001d3b705e64c: ;   {runtime_call}
  0x000001d3b705e64c: 0000 00e9 | fbff ffff 

  0x000001d3b705e654: ;   {static_stub}
  0x000001d3b705e654: 9048 bb00 | 0000 0000 

  0x000001d3b705e65c: ;   {runtime_call}
  0x000001d3b705e65c: 0000 00e9 | fbff ffff 

  0x000001d3b705e664: ;   {static_stub}
  0x000001d3b705e664: 9048 bb00 | 0000 0000 

  0x000001d3b705e66c: ;   {runtime_call}
  0x000001d3b705e66c: 0000 00e9 | fbff ffff 

  0x000001d3b705e674: ;   {static_stub}
  0x000001d3b705e674: 9048 bb00 | 0000 0000 

  0x000001d3b705e67c: ;   {runtime_call}
  0x000001d3b705e67c: 0000 00e9 | fbff ffff 

  0x000001d3b705e684: ;   {static_stub}
  0x000001d3b705e684: 48bb 0000 | 0000 0000 

  0x000001d3b705e68c: ;   {runtime_call}
  0x000001d3b705e68c: 0000 e9fb 

  0x000001d3b705e690: ;   {static_stub}
  0x000001d3b705e690: ffff ff48 | bb00 0000 | 0000 0000 

  0x000001d3b705e69c: ;   {runtime_call}
  0x000001d3b705e69c: 00e9 fbff 

  0x000001d3b705e6a0: ;   {static_stub}
  0x000001d3b705e6a0: ffff 48bb | 0000 0000 | 0000 0000 

  0x000001d3b705e6ac: ;   {runtime_call}
  0x000001d3b705e6ac: e9fb ffff 

  0x000001d3b705e6b0: ;   {static_stub}
  0x000001d3b705e6b0: ff48 bb40 | 3d47 bed3 

  0x000001d3b705e6b8: ;   {runtime_call I2C/C2I adapters}
  0x000001d3b705e6b8: 0100 00e9 | abc6 dfff 

  0x000001d3b705e6c0: ;   {static_stub}
  0x000001d3b705e6c0: 48bb d0d0 | 04be d301 

  0x000001d3b705e6c8: ;   {runtime_call I2C/C2I adapters}
  0x000001d3b705e6c8: 0000 e918 

  0x000001d3b705e6cc: ;   {static_stub}
  0x000001d3b705e6cc: 5be0 ff48 | bb00 0000 | 0000 0000 

  0x000001d3b705e6d8: ;   {runtime_call}
  0x000001d3b705e6d8: 00e9 fbff 

  0x000001d3b705e6dc: ;   {static_stub}
  0x000001d3b705e6dc: ffff 48bb | 68a9 43be | d301 0000 

  0x000001d3b705e6e8: ;   {runtime_call I2C/C2I adapters}
  0x000001d3b705e6e8: e988 2adf 

  0x000001d3b705e6ec: ;   {runtime_call handle_exception_from_callee Runtime1 stub}
  0x000001d3b705e6ec: ffe8 8e61 

  0x000001d3b705e6f0: ;   {external_word}
  0x000001d3b705e6f0: ebff 48b9 | b078 b140 | fd7f 0000 | 4883 e4f0 

  0x000001d3b705e700: ;   {runtime_call}
  0x000001d3b705e700: 48b8 9041 | 7940 fd7f | 0000 ffd0 

  0x000001d3b705e70c: ;   {section_word}
  0x000001d3b705e70c: f449 ba0d | e705 b7d3 | 0100 0041 

  0x000001d3b705e718: ;   {runtime_call DeoptimizationBlob}
  0x000001d3b705e718: 52e9 8262 | e0ff f4f4 
[/MachCode]


---------------  P R O C E S S  ---------------

Threads class SMR info:
_java_thread_list=0x000001d384960ce0, length=10, elements={
0x000001d3acfdaf60, 0x000001d3bdbee240, 0x000001d3bdbefe60, 0x000001d3bdbf5310,
0x000001d3bdbf5d70, 0x000001d3bdbf87e0, 0x000001d3bdbf9240, 0x000001d3bdbf9ca0,
0x000001d3ff066b60, 0x000001d3ff06a3b0
}

Java Threads: ( => current thread )
=>0x000001d3acfdaf60 JavaThread "main"                              [_thread_in_vm, id=19948, stack(0x00000061d0e00000,0x00000061d0f00000) (1024K)]
  0x000001d3bdbee240 JavaThread "Reference Handler"          daemon [_thread_blocked, id=17192, stack(0x00000061d1600000,0x00000061d1700000) (1024K)]
  0x000001d3bdbefe60 JavaThread "Finalizer"                  daemon [_thread_blocked, id=20156, stack(0x00000061d1700000,0x00000061d1800000) (1024K)]
  0x000001d3bdbf5310 JavaThread "Signal Dispatcher"          daemon [_thread_blocked, id=17668, stack(0x00000061d1800000,0x00000061d1900000) (1024K)]
  0x000001d3bdbf5d70 JavaThread "Attach Listener"            daemon [_thread_blocked, id=8340, stack(0x00000061d1900000,0x00000061d1a00000) (1024K)]
  0x000001d3bdbf87e0 JavaThread "Service Thread"             daemon [_thread_blocked, id=11360, stack(0x00000061d1a00000,0x00000061d1b00000) (1024K)]
  0x000001d3bdbf9240 JavaThread "Monitor Deflation Thread"   daemon [_thread_blocked, id=10916, stack(0x00000061d1b00000,0x00000061d1c00000) (1024K)]
  0x000001d3bdbf9ca0 JavaThread "C1 CompilerThread0"         daemon [_thread_blocked, id=12548, stack(0x00000061d1c00000,0x00000061d1d00000) (1024K)]
  0x000001d3ff066b60 JavaThread "Notification Thread"        daemon [_thread_blocked, id=19268, stack(0x00000061d1d00000,0x00000061d1e00000) (1024K)]
  0x000001d3ff06a3b0 JavaThread "Common-Cleaner"             daemon [_thread_blocked, id=1892, stack(0x00000061d1e00000,0x00000061d1f00000) (1024K)]
Total: 10

Other Threads:
  0x000001d3bdbd6fd0 VMThread "VM Thread"                           [id=9088, stack(0x00000061d1500000,0x00000061d1600000) (1024K)] _threads_hazard_ptr=0x000001d384960ce0
  0x000001d3ad2567f0 WatcherThread "VM Periodic Task Thread"        [id=18652, stack(0x00000061d1400000,0x00000061d1500000) (1024K)]
  0x000001d3ad1d8630 WorkerThread "GC Thread#0"                     [id=5724, stack(0x00000061d0f00000,0x00000061d1000000) (1024K)]
  0x000001d3bdbd6870 WorkerThread "GC Thread#1"                     [id=12660, stack(0x00000061d1f00000,0x00000061d2000000) (1024K)]
  0x000001d3bdbd6c20 WorkerThread "GC Thread#2"                     [id=5228, stack(0x00000061d2000000,0x00000061d2100000) (1024K)]
  0x000001d3bdbd6110 WorkerThread "GC Thread#3"                     [id=20144, stack(0x00000061d2100000,0x00000061d2200000) (1024K)]
  0x000001d3ad1e1410 ConcurrentGCThread "G1 Main Marker"            [id=14204, stack(0x00000061d1000000,0x00000061d1100000) (1024K)]
  0x000001d3ad1e26c0 WorkerThread "G1 Conc#0"                       [id=8104, stack(0x00000061d1100000,0x00000061d1200000) (1024K)]
  0x000001d3ad23e260 ConcurrentGCThread "G1 Refine#0"               [id=10064, stack(0x00000061d1200000,0x00000061d1300000) (1024K)]
  0x000001d3ad23fc90 ConcurrentGCThread "G1 Service"                [id=6176, stack(0x00000061d1300000,0x00000061d1400000) (1024K)]
Total: 10

Threads with active compile tasks:
Total: 0

VM state: synchronizing (normal execution)

VM Mutex/Monitor currently owned by a thread:  ([mutex/lock_event])
[0x00007ffd40daedf0] Metaspace_lock - owner thread: 0x000001d3acfdaf60
[0x00007ffd40db0df0] Threads_lock - owner thread: 0x000001d3bdbd6fd0

Heap address: 0x00000000c1e00000, size: 994 MB, Compressed Oops mode: 32-bit

CDS archive(s) mapped at: [0x000001d3be000000-0x000001d3bec90000-0x000001d3bec90000), size 13172736, SharedBaseAddress: 0x000001d3be000000, ArchiveRelocationMode: 1.
Compressed class space mapped at: 0x000001d3bf000000-0x000001d3ff000000, reserved size: 1073741824
Narrow klass base: 0x000001d3be000000, Narrow klass shift: 0, Narrow klass range: 0x100000000

GC Precious Log:
 CardTable entry size: 512
 Card Set container configuration: InlinePtr #cards 5 size 8 Array Of Cards #cards 12 size 40 Howl #buckets 4 coarsen threshold 1843 Howl Bitmap #cards 512 size 80 coarsen threshold 460 Card regions per heap region 1 cards per card region 2048
 CPUs: 4 total, 4 available
 Memory: 3971M
 Large Page Support: Disabled
 NUMA Support: Disabled
 Compressed Oops: Enabled (32-bit)
 Heap Region Size: 1M
 Heap Min Capacity: 8M
 Heap Initial Capacity: 64M
 Heap Max Capacity: 994M
 Pre-touch: Disabled
 Parallel Workers: 4
 Concurrent Workers: 1
 Concurrent Refinement Workers: 4
 Periodic GC: Disabled

Heap:
 garbage-first heap   total 55296K, used 45268K [0x00000000c1e00000, 0x0000000100000000)
  region size 1024K, 20 young (20480K), 3 survivors (3072K)
 Metaspace       used 55609K, committed 56256K, reserved 1114112K
  class space    used 7778K, committed 8064K, reserved 1048576K

Heap Regions: E=young(eden), S=young(survivor), O=old, HS=humongous(starts), HC=humongous(continues), CS=collection set, F=free, TAMS=top-at-mark-start, PB=parsable bottom
|   0|0x00000000c1e00000, 0x00000000c1f00000, 0x00000000c1f00000|100%|HS|  |TAMS 0x00000000c1e00000| PB 0x00000000c1e00000| Complete 
|   1|0x00000000c1f00000, 0x00000000c2000000, 0x00000000c2000000|100%| O|  |TAMS 0x00000000c1f00000| PB 0x00000000c1f00000| Untracked 
|   2|0x00000000c2000000, 0x00000000c2100000, 0x00000000c2100000|100%| O|  |TAMS 0x00000000c2000000| PB 0x00000000c2000000| Untracked 
|   3|0x00000000c2100000, 0x00000000c2200000, 0x00000000c2200000|100%| O|  |TAMS 0x00000000c2100000| PB 0x00000000c2100000| Untracked 
|   4|0x00000000c2200000, 0x00000000c2300000, 0x00000000c2300000|100%| O|  |TAMS 0x00000000c2200000| PB 0x00000000c2200000| Untracked 
|   5|0x00000000c2300000, 0x00000000c2400000, 0x00000000c2400000|100%| O|  |TAMS 0x00000000c2300000| PB 0x00000000c2300000| Untracked 
|   6|0x00000000c2400000, 0x00000000c2500000, 0x00000000c2500000|100%| O|  |TAMS 0x00000000c2400000| PB 0x00000000c2400000| Untracked 
|   7|0x00000000c2500000, 0x00000000c2600000, 0x00000000c2600000|100%| O|  |TAMS 0x00000000c2500000| PB 0x00000000c2500000| Untracked 
|   8|0x00000000c2600000, 0x00000000c2700000, 0x00000000c2700000|100%| O|  |TAMS 0x00000000c2600000| PB 0x00000000c2600000| Untracked 
|   9|0x00000000c2700000, 0x00000000c2800000, 0x00000000c2800000|100%| O|  |TAMS 0x00000000c2700000| PB 0x00000000c2700000| Untracked 
|  10|0x00000000c2800000, 0x00000000c2900000, 0x00000000c2900000|100%| O|  |TAMS 0x00000000c2800000| PB 0x00000000c2800000| Untracked 
|  11|0x00000000c2900000, 0x00000000c2a00000, 0x00000000c2a00000|100%| O|  |TAMS 0x00000000c2900000| PB 0x00000000c2900000| Untracked 
|  12|0x00000000c2a00000, 0x00000000c2b00000, 0x00000000c2b00000|100%| O|  |TAMS 0x00000000c2a00000| PB 0x00000000c2a00000| Untracked 
|  13|0x00000000c2b00000, 0x00000000c2c00000, 0x00000000c2c00000|100%| O|  |TAMS 0x00000000c2b00000| PB 0x00000000c2b00000| Untracked 
|  14|0x00000000c2c00000, 0x00000000c2d00000, 0x00000000c2d00000|100%| O|  |TAMS 0x00000000c2c00000| PB 0x00000000c2c00000| Untracked 
|  15|0x00000000c2d00000, 0x00000000c2e00000, 0x00000000c2e00000|100%| O|  |TAMS 0x00000000c2d00000| PB 0x00000000c2d00000| Untracked 
|  16|0x00000000c2e00000, 0x00000000c2f00000, 0x00000000c2f00000|100%| O|  |TAMS 0x00000000c2e00000| PB 0x00000000c2e00000| Untracked 
|  17|0x00000000c2f00000, 0x00000000c3000000, 0x00000000c3000000|100%| O|  |TAMS 0x00000000c2f00000| PB 0x00000000c2f00000| Untracked 
|  18|0x00000000c3000000, 0x00000000c3100000, 0x00000000c3100000|100%| O|  |TAMS 0x00000000c3000000| PB 0x00000000c3000000| Untracked 
|  19|0x00000000c3100000, 0x00000000c3200000, 0x00000000c3200000|100%| O|  |TAMS 0x00000000c3100000| PB 0x00000000c3100000| Untracked 
|  20|0x00000000c3200000, 0x00000000c3300000, 0x00000000c3300000|100%| O|  |TAMS 0x00000000c3200000| PB 0x00000000c3200000| Untracked 
|  21|0x00000000c3300000, 0x00000000c3400000, 0x00000000c3400000|100%| O|  |TAMS 0x00000000c3300000| PB 0x00000000c3300000| Untracked 
|  22|0x00000000c3400000, 0x00000000c3500000, 0x00000000c3500000|100%| O|  |TAMS 0x00000000c3400000| PB 0x00000000c3400000| Untracked 
|  23|0x00000000c3500000, 0x00000000c3600000, 0x00000000c3600000|100%| O|  |TAMS 0x00000000c3500000| PB 0x00000000c3500000| Untracked 
|  24|0x00000000c3600000, 0x00000000c3700000, 0x00000000c3700000|100%| O|  |TAMS 0x00000000c3600000| PB 0x00000000c3600000| Untracked 
|  25|0x00000000c3700000, 0x00000000c377b658, 0x00000000c3800000| 48%| O|  |TAMS 0x00000000c3700000| PB 0x00000000c3700000| Untracked 
|  26|0x00000000c3800000, 0x00000000c3800000, 0x00000000c3900000|  0%| F|  |TAMS 0x00000000c3800000| PB 0x00000000c3800000| Untracked 
|  27|0x00000000c3900000, 0x00000000c3900000, 0x00000000c3a00000|  0%| F|  |TAMS 0x00000000c3900000| PB 0x00000000c3900000| Untracked 
|  28|0x00000000c3a00000, 0x00000000c3a00000, 0x00000000c3b00000|  0%| F|  |TAMS 0x00000000c3a00000| PB 0x00000000c3a00000| Untracked 
|  29|0x00000000c3b00000, 0x00000000c3b00000, 0x00000000c3c00000|  0%| F|  |TAMS 0x00000000c3b00000| PB 0x00000000c3b00000| Untracked 
|  30|0x00000000c3c00000, 0x00000000c3c00000, 0x00000000c3d00000|  0%| F|  |TAMS 0x00000000c3c00000| PB 0x00000000c3c00000| Untracked 
|  31|0x00000000c3d00000, 0x00000000c3db9a18, 0x00000000c3e00000| 72%| S|CS|TAMS 0x00000000c3d00000| PB 0x00000000c3d00000| Complete 
|  32|0x00000000c3e00000, 0x00000000c3f00000, 0x00000000c3f00000|100%| S|CS|TAMS 0x00000000c3e00000| PB 0x00000000c3e00000| Complete 
|  33|0x00000000c3f00000, 0x00000000c4000000, 0x00000000c4000000|100%| S|CS|TAMS 0x00000000c3f00000| PB 0x00000000c3f00000| Complete 
|  34|0x00000000c4000000, 0x00000000c4000000, 0x00000000c4100000|  0%| F|  |TAMS 0x00000000c4000000| PB 0x00000000c4000000| Untracked 
|  35|0x00000000c4100000, 0x00000000c4100000, 0x00000000c4200000|  0%| F|  |TAMS 0x00000000c4100000| PB 0x00000000c4100000| Untracked 
|  36|0x00000000c4200000, 0x00000000c4200000, 0x00000000c4300000|  0%| F|  |TAMS 0x00000000c4200000| PB 0x00000000c4200000| Untracked 
|  37|0x00000000c4300000, 0x00000000c4364090, 0x00000000c4400000| 39%| E|  |TAMS 0x00000000c4300000| PB 0x00000000c4300000| Complete 
|  38|0x00000000c4400000, 0x00000000c4500000, 0x00000000c4500000|100%| E|CS|TAMS 0x00000000c4400000| PB 0x00000000c4400000| Complete 
|  39|0x00000000c4500000, 0x00000000c4600000, 0x00000000c4600000|100%| E|CS|TAMS 0x00000000c4500000| PB 0x00000000c4500000| Complete 
|  40|0x00000000c4600000, 0x00000000c4700000, 0x00000000c4700000|100%| E|CS|TAMS 0x00000000c4600000| PB 0x00000000c4600000| Complete 
|  41|0x00000000c4700000, 0x00000000c4800000, 0x00000000c4800000|100%| E|CS|TAMS 0x00000000c4700000| PB 0x00000000c4700000| Complete 
|  42|0x00000000c4800000, 0x00000000c4900000, 0x00000000c4900000|100%| E|CS|TAMS 0x00000000c4800000| PB 0x00000000c4800000| Complete 
|  43|0x00000000c4900000, 0x00000000c4a00000, 0x00000000c4a00000|100%| E|CS|TAMS 0x00000000c4900000| PB 0x00000000c4900000| Complete 
|  44|0x00000000c4a00000, 0x00000000c4b00000, 0x00000000c4b00000|100%| E|CS|TAMS 0x00000000c4a00000| PB 0x00000000c4a00000| Complete 
|  45|0x00000000c4b00000, 0x00000000c4c00000, 0x00000000c4c00000|100%| E|CS|TAMS 0x00000000c4b00000| PB 0x00000000c4b00000| Complete 
|  46|0x00000000c4c00000, 0x00000000c4d00000, 0x00000000c4d00000|100%| E|CS|TAMS 0x00000000c4c00000| PB 0x00000000c4c00000| Complete 
|  47|0x00000000c4d00000, 0x00000000c4e00000, 0x00000000c4e00000|100%| E|CS|TAMS 0x00000000c4d00000| PB 0x00000000c4d00000| Complete 
|  48|0x00000000c4e00000, 0x00000000c4f00000, 0x00000000c4f00000|100%| E|CS|TAMS 0x00000000c4e00000| PB 0x00000000c4e00000| Complete 
|  49|0x00000000c4f00000, 0x00000000c5000000, 0x00000000c5000000|100%| E|CS|TAMS 0x00000000c4f00000| PB 0x00000000c4f00000| Complete 
|  50|0x00000000c5000000, 0x00000000c5100000, 0x00000000c5100000|100%| E|CS|TAMS 0x00000000c5000000| PB 0x00000000c5000000| Complete 
|  51|0x00000000c5100000, 0x00000000c5200000, 0x00000000c5200000|100%| E|CS|TAMS 0x00000000c5100000| PB 0x00000000c5100000| Complete 
|  55|0x00000000c5500000, 0x00000000c5600000, 0x00000000c5600000|100%| E|CS|TAMS 0x00000000c5500000| PB 0x00000000c5500000| Complete 
|  63|0x00000000c5d00000, 0x00000000c5e00000, 0x00000000c5e00000|100%| E|CS|TAMS 0x00000000c5d00000| PB 0x00000000c5d00000| Complete 

Card table byte_map: [0x000001d3ba4b0000,0x000001d3ba6b0000] _byte_map_base: 0x000001d3b9ea1000

Marking Bits: (CMBitMap*) 0x000001d3ad1d8d40
 Bits: [0x000001d3ba6b0000, 0x000001d3bb638000)

Polling page: 0x000001d3ad260000

Metaspace:

Usage:
  Non-class:     46.71 MB used.
      Class:      7.60 MB used.
       Both:     54.31 MB used.

Virtual space:
  Non-class space:       64.00 MB reserved,      47.06 MB ( 74%) committed,  1 nodes.
      Class space:        1.00 GB reserved,       7.88 MB ( <1%) committed,  1 nodes.
             Both:        1.06 GB reserved,      54.94 MB (  5%) committed. 

Chunk freelists:
   Non-Class:  496.00 KB
       Class:  7.97 MB
        Both:  8.45 MB

MaxMetaspaceSize: unlimited
CompressedClassSpaceSize: 1.00 GB
Initial GC threshold: 21.00 MB
Current GC threshold: 58.88 MB
CDS: on
 - commit_granule_bytes: 65536.
 - commit_granule_words: 8192.
 - virtual_space_node_default_size: 8388608.
 - enlarge_chunks_in_place: 1.
 - use_allocation_guard: 0.


Internal statistics:

num_allocs_failed_limit: 6.
num_arena_births: 884.
num_arena_deaths: 0.
num_vsnodes_births: 2.
num_vsnodes_deaths: 0.
num_space_committed: 879.
num_space_uncommitted: 0.
num_chunks_returned_to_freelist: 6.
num_chunks_taken_from_freelist: 2908.
num_chunk_merges: 6.
num_chunk_splits: 2155.
num_chunks_enlarged: 1714.
num_inconsistent_stats: 0.

CodeCache: size=49152Kb used=9866Kb max_used=9866Kb free=39285Kb
 bounds [0x000001d3b6e10000, 0x000001d3b77c0000, 0x000001d3b9e10000]
 total_blobs=6171 nmethods=5556 adapters=539
 compilation: enabled
              stopped_count=0, restarted_count=0
 full_count=0

Compilation events (20 events):
Event: 31.819 Thread 0x000001d3bdbf9ca0 5586       1       org.hibernate.type.BasicType::getJavaType (5 bytes)
Event: 31.827 Thread 0x000001d3bdbf9ca0 nmethod 5586 0x000001d3b77afd10 code [0x000001d3b77afee0, 0x000001d3b77b00c8]
Event: 31.827 Thread 0x000001d3bdbf9ca0 5587       1       org.hibernate.metamodel.model.domain.BasicDomainType::getJavaType (5 bytes)
Event: 31.827 Thread 0x000001d3bdbf9ca0 nmethod 5587 0x000001d3b77b0210 code [0x000001d3b77b03c0, 0x000001d3b77b0548]
Event: 31.827 Thread 0x000001d3bdbf9ca0 5588       1       org.hibernate.metamodel.model.domain.SimpleDomainType::getJavaType (12 bytes)
Event: 31.827 Thread 0x000001d3bdbf9ca0 nmethod 5588 0x000001d3b77b0610 code [0x000001d3b77b07c0, 0x000001d3b77b08e0]
Event: 31.940 Thread 0x000001d3bdbf9ca0 5589       1       org.hibernate.internal.util.type.PrimitiveWrappers::canonicalize (16 bytes)
Event: 31.941 Thread 0x000001d3bdbf9ca0 nmethod 5589 0x000001d3b77b0990 code [0x000001d3b77b0b40, 0x000001d3b77b0c48]
Event: 31.947 Thread 0x000001d3bdbf9ca0 5590       1       org.hibernate.type.descriptor.jdbc.spi.JdbcTypeRegistry::getDescriptor (52 bytes)
Event: 31.947 Thread 0x000001d3bdbf9ca0 nmethod 5590 0x000001d3b77b0d10 code [0x000001d3b77b0f00, 0x000001d3b77b12d8]
Event: 31.952 Thread 0x000001d3bdbf9ca0 5591       1       org.hibernate.type.BasicTypeRegistry::getRegisteredType (26 bytes)
Event: 31.953 Thread 0x000001d3bdbf9ca0 nmethod 5591 0x000001d3b77b1510 code [0x000001d3b77b16c0, 0x000001d3b77b1858]
Event: 31.975 Thread 0x000001d3bdbf9ca0 5592       1       org.hibernate.type.BasicTypeReference::getSqlTypeCode (5 bytes)
Event: 31.976 Thread 0x000001d3bdbf9ca0 nmethod 5592 0x000001d3b77b1910 code [0x000001d3b77b1aa0, 0x000001d3b77b1b68]
Event: 31.985 Thread 0x000001d3bdbf9ca0 5593       1       java.lang.Character::isDigit (9 bytes)
Event: 31.985 Thread 0x000001d3bdbf9ca0 nmethod 5593 0x000001d3b77b1c10 code [0x000001d3b77b1dc0, 0x000001d3b77b1ec0]
Event: 32.076 Thread 0x000001d3bdbf9ca0 5594   !   1       org.slf4j.LoggerFactory::getProvider (102 bytes)
Event: 32.077 Thread 0x000001d3bdbf9ca0 nmethod 5594 0x000001d3b77b1f90 code [0x000001d3b77b2180, 0x000001d3b77b25a8]
Event: 32.077 Thread 0x000001d3bdbf9ca0 5595       1       org.slf4j.LoggerFactory::getILoggerFactory (9 bytes)
Event: 32.077 Thread 0x000001d3bdbf9ca0 nmethod 5595 0x000001d3b77b2710 code [0x000001d3b77b28c0, 0x000001d3b77b29b8]

GC Heap History (20 events):
Event: 9.126 GC heap before
{Heap before GC invocations=3 (full 0):
 garbage-first heap   total 65536K, used 43983K [0x00000000c1e00000, 0x0000000100000000)
  region size 1024K, 37 young (37888K), 4 survivors (4096K)
 Metaspace       used 19924K, committed 20352K, reserved 1114112K
  class space    used 2587K, committed 2752K, reserved 1048576K
}
Event: 9.138 GC heap after
{Heap after GC invocations=4 (full 0):
 garbage-first heap   total 65536K, used 14212K [0x00000000c1e00000, 0x0000000100000000)
  region size 1024K, 4 young (4096K), 4 survivors (4096K)
 Metaspace       used 19924K, committed 20352K, reserved 1114112K
  class space    used 2587K, committed 2752K, reserved 1048576K
}
Event: 9.566 GC heap before
{Heap before GC invocations=4 (full 0):
 garbage-first heap   total 65536K, used 21380K [0x00000000c1e00000, 0x0000000100000000)
  region size 1024K, 12 young (12288K), 4 survivors (4096K)
 Metaspace       used 21091K, committed 21568K, reserved 1114112K
  class space    used 2747K, committed 2944K, reserved 1048576K
}
Event: 9.572 GC heap after
{Heap after GC invocations=5 (full 0):
 garbage-first heap   total 65536K, used 14738K [0x00000000c1e00000, 0x0000000100000000)
  region size 1024K, 1 young (1024K), 1 survivors (1024K)
 Metaspace       used 21091K, committed 21568K, reserved 1114112K
  class space    used 2747K, committed 2944K, reserved 1048576K
}
Event: 11.330 GC heap before
{Heap before GC invocations=6 (full 0):
 garbage-first heap   total 55296K, used 45458K [0x00000000c1e00000, 0x0000000100000000)
  region size 1024K, 32 young (32768K), 1 survivors (1024K)
 Metaspace       used 25794K, committed 26176K, reserved 1114112K
  class space    used 3456K, committed 3584K, reserved 1048576K
}
Event: 11.337 GC heap after
{Heap after GC invocations=7 (full 0):
 garbage-first heap   total 55296K, used 17125K [0x00000000c1e00000, 0x0000000100000000)
  region size 1024K, 3 young (3072K), 3 survivors (3072K)
 Metaspace       used 25794K, committed 26176K, reserved 1114112K
  class space    used 3456K, committed 3584K, reserved 1048576K
}
Event: 13.549 GC heap before
{Heap before GC invocations=7 (full 0):
 garbage-first heap   total 55296K, used 44773K [0x00000000c1e00000, 0x0000000100000000)
  region size 1024K, 30 young (30720K), 3 survivors (3072K)
 Metaspace       used 28690K, committed 29184K, reserved 1114112K
  class space    used 3846K, committed 4096K, reserved 1048576K
}
Event: 13.565 GC heap after
{Heap after GC invocations=8 (full 0):
 garbage-first heap   total 55296K, used 18895K [0x00000000c1e00000, 0x0000000100000000)
  region size 1024K, 3 young (3072K), 3 survivors (3072K)
 Metaspace       used 28690K, committed 29184K, reserved 1114112K
  class space    used 3846K, committed 4096K, reserved 1048576K
}
Event: 16.338 GC heap before
{Heap before GC invocations=8 (full 0):
 garbage-first heap   total 55296K, used 44495K [0x00000000c1e00000, 0x0000000100000000)
  region size 1024K, 28 young (28672K), 3 survivors (3072K)
 Metaspace       used 31441K, committed 32000K, reserved 1114112K
  class space    used 4220K, committed 4480K, reserved 1048576K
}
Event: 16.354 GC heap after
{Heap after GC invocations=9 (full 0):
 garbage-first heap   total 55296K, used 20720K [0x00000000c1e00000, 0x0000000100000000)
  region size 1024K, 4 young (4096K), 4 survivors (4096K)
 Metaspace       used 31441K, committed 32000K, reserved 1114112K
  class space    used 4220K, committed 4480K, reserved 1048576K
}
Event: 19.522 GC heap before
{Heap before GC invocations=9 (full 0):
 garbage-first heap   total 55296K, used 43248K [0x00000000c1e00000, 0x0000000100000000)
  region size 1024K, 27 young (27648K), 4 survivors (4096K)
 Metaspace       used 35442K, committed 35968K, reserved 1114112K
  class space    used 4810K, committed 5056K, reserved 1048576K
}
Event: 19.541 GC heap after
{Heap after GC invocations=10 (full 0):
 garbage-first heap   total 55296K, used 22767K [0x00000000c1e00000, 0x0000000100000000)
  region size 1024K, 4 young (4096K), 4 survivors (4096K)
 Metaspace       used 35442K, committed 35968K, reserved 1114112K
  class space    used 4810K, committed 5056K, reserved 1048576K
}
Event: 22.122 GC heap before
{Heap before GC invocations=11 (full 0):
 garbage-first heap   total 55296K, used 45295K [0x00000000c1e00000, 0x0000000100000000)
  region size 1024K, 27 young (27648K), 4 survivors (4096K)
 Metaspace       used 39501K, committed 40128K, reserved 1114112K
  class space    used 5326K, committed 5568K, reserved 1048576K
}
Event: 22.142 GC heap after
{Heap after GC invocations=12 (full 0):
 garbage-first heap   total 55296K, used 24757K [0x00000000c1e00000, 0x0000000100000000)
  region size 1024K, 2 young (2048K), 2 survivors (2048K)
 Metaspace       used 39501K, committed 40128K, reserved 1114112K
  class space    used 5326K, committed 5568K, reserved 1048576K
}
Event: 24.489 GC heap before
{Heap before GC invocations=12 (full 0):
 garbage-first heap   total 55296K, used 46261K [0x00000000c1e00000, 0x0000000100000000)
  region size 1024K, 24 young (24576K), 2 survivors (2048K)
 Metaspace       used 44718K, committed 45312K, reserved 1114112K
  class space    used 6295K, committed 6528K, reserved 1048576K
}
Event: 24.516 GC heap after
{Heap after GC invocations=13 (full 0):
 garbage-first heap   total 55296K, used 26341K [0x00000000c1e00000, 0x0000000100000000)
  region size 1024K, 2 young (2048K), 2 survivors (2048K)
 Metaspace       used 44718K, committed 45312K, reserved 1114112K
  class space    used 6295K, committed 6528K, reserved 1048576K
}
Event: 28.754 GC heap before
{Heap before GC invocations=13 (full 0):
 garbage-first heap   total 55296K, used 48869K [0x00000000c1e00000, 0x0000000100000000)
  region size 1024K, 24 young (24576K), 2 survivors (2048K)
 Metaspace       used 50727K, committed 51392K, reserved 1114112K
  class space    used 7111K, committed 7424K, reserved 1048576K
}
Event: 28.764 GC heap after
{Heap after GC invocations=14 (full 0):
 garbage-first heap   total 55296K, used 27548K [0x00000000c1e00000, 0x0000000100000000)
  region size 1024K, 3 young (3072K), 3 survivors (3072K)
 Metaspace       used 50727K, committed 51392K, reserved 1114112K
  class space    used 7111K, committed 7424K, reserved 1048576K
}
Event: 30.932 GC heap before
{Heap before GC invocations=14 (full 0):
 garbage-first heap   total 55296K, used 48028K [0x00000000c1e00000, 0x0000000100000000)
  region size 1024K, 23 young (23552K), 3 survivors (3072K)
 Metaspace       used 53243K, committed 53888K, reserved 1114112K
  class space    used 7452K, committed 7744K, reserved 1048576K
}
Event: 30.945 GC heap after
{Heap after GC invocations=15 (full 0):
 garbage-first heap   total 55296K, used 28884K [0x00000000c1e00000, 0x0000000100000000)
  region size 1024K, 3 young (3072K), 3 survivors (3072K)
 Metaspace       used 53243K, committed 53888K, reserved 1114112K
  class space    used 7452K, committed 7744K, reserved 1048576K
}

Dll operation events (9 events):
Event: 0.075 Loaded shared library C:\Program Files\Java\jdk-21\bin\java.dll
Event: 0.661 Loaded shared library C:\Program Files\Java\jdk-21\bin\net.dll
Event: 0.697 Loaded shared library C:\Program Files\Java\jdk-21\bin\nio.dll
Event: 0.712 Loaded shared library C:\Program Files\Java\jdk-21\bin\zip.dll
Event: 1.975 Loaded shared library C:\Program Files\Java\jdk-21\bin\jimage.dll
Event: 8.411 Loaded shared library C:\Program Files\Java\jdk-21\bin\sunmscapi.dll
Event: 19.755 Loaded shared library C:\Program Files\Java\jdk-21\bin\management.dll
Event: 19.839 Loaded shared library C:\Program Files\Java\jdk-21\bin\management_ext.dll
Event: 25.811 Loaded shared library C:\Program Files\Java\jdk-21\bin\extnet.dll

Deoptimization events (0 events):
No events

Classes loaded (20 events):
Event: 30.141 Loading class java/util/stream/ReduceOps$1
Event: 30.144 Loading class java/util/stream/ReduceOps$1 done
Event: 30.144 Loading class java/util/stream/ReduceOps$1ReducingSink
Event: 30.145 Loading class java/util/stream/ReduceOps$1ReducingSink done
Event: 30.597 Loading class javax/naming/RefAddr
Event: 30.600 Loading class javax/naming/RefAddr done
Event: 30.600 Loading class javax/naming/StringRefAddr
Event: 30.602 Loading class javax/naming/StringRefAddr done
Event: 30.742 Loading class java/util/concurrent/CompletableFuture$AltResult
Event: 30.743 Loading class java/util/concurrent/CompletableFuture$AltResult done
Event: 30.749 Loading class java/util/concurrent/CompletableFuture$Completion
Event: 30.751 Loading class java/util/concurrent/CompletableFuture$AsynchronousCompletionTask
Event: 30.752 Loading class java/util/concurrent/CompletableFuture$AsynchronousCompletionTask done
Event: 30.752 Loading class java/util/concurrent/CompletableFuture$Completion done
Event: 31.015 Loading class java/util/WeakHashMap$EntrySet
Event: 31.021 Loading class java/util/WeakHashMap$EntrySet done
Event: 31.021 Loading class java/util/WeakHashMap$EntryIterator
Event: 31.021 Loading class java/util/WeakHashMap$HashIterator
Event: 31.023 Loading class java/util/WeakHashMap$HashIterator done
Event: 31.023 Loading class java/util/WeakHashMap$EntryIterator done

Classes unloaded (0 events):
No events

Classes redefined (0 events):
No events

Internal exceptions (20 events):
Event: 20.479 Thread 0x000001d3acfdaf60 Exception <a 'java/lang/NoSuchMethodError'{0x00000000c50e7e48}: 'int java.lang.invoke.DirectMethodHandle$Holder.invokeInterface(java.lang.Object, java.lang.Object, java.lang.Object, java.lang.Object)'> (0x00000000c50e7e48) 
thrown [s\open\src\hotspot\share\interpreter\linkResolver.cpp, line 773]
Event: 20.618 Thread 0x000001d3acfdaf60 Exception <a 'java/lang/NoSuchMethodError'{0x00000000c4e48fa8}: 'void java.lang.invoke.Invokers$Holder.invokeExact_MT(java.lang.Object, java.lang.Object, java.lang.Object, java.lang.Object)'> (0x00000000c4e48fa8) 
thrown [s\open\src\hotspot\share\interpreter\linkResolver.cpp, line 773]
Event: 20.629 Thread 0x000001d3acfdaf60 Exception <a 'java/lang/NoSuchMethodError'{0x00000000c4e56e98}: 'void java.lang.invoke.Invokers$Holder.invokeExact_MT(java.lang.Object, java.lang.Object, int, java.lang.Object)'> (0x00000000c4e56e98) 
thrown [s\open\src\hotspot\share\interpreter\linkResolver.cpp, line 773]
Event: 20.914 Thread 0x000001d3acfdaf60 Exception <a 'java/lang/NoSuchMethodError'{0x00000000c4ad8b48}: 'java.lang.Object java.lang.invoke.DirectMethodHandle$Holder.newInvokeSpecial(java.lang.Object, java.lang.Object, java.lang.Object, java.lang.Object, java.lang.Object, java.lang.Object, java.lang.Object, java.lang.Object, java.lang.Object, java.lang.Object, java.lang.Object)'> (0x00000000c4ad8b48) 
thrown [s\open\src\hotspot\share\interpreter\linkResolver.cpp, line 773]
Event: 21.260 Thread 0x000001d3acfdaf60 Exception <a 'java/lang/NoSuchMethodError'{0x00000000c465ed30}: 'void java.lang.invoke.DirectMethodHandle$Holder.invokeVirtual(java.lang.Object, java.lang.Object, long)'> (0x00000000c465ed30) 
thrown [s\open\src\hotspot\share\interpreter\linkResolver.cpp, line 773]
Event: 21.557 Thread 0x000001d3acfdaf60 Exception <a 'java/lang/NoSuchMethodError'{0x00000000c42ebb50}: 'void java.lang.invoke.DirectMethodHandle$Holder.invokeInterface(java.lang.Object, java.lang.Object, java.lang.Object, java.lang.Object, int, java.lang.Object, java.lang.Object, java.lang.Object)'> (0x00000000c42ebb50) 
thrown [s\open\src\hotspot\share\interpreter\linkResolver.cpp, line 773]
Event: 21.558 Thread 0x000001d3acfdaf60 Exception <a 'java/lang/NoSuchMethodError'{0x00000000c42f40a0}: 'void java.lang.invoke.DelegatingMethodHandle$Holder.reinvoke_L(java.lang.Object, java.lang.Object, java.lang.Object, java.lang.Object, int, java.lang.Object, java.lang.Object, java.lang.Object)'> (0x00000000c42f40a0) 
thrown [s\open\src\hotspot\share\interpreter\linkResolver.cpp, line 773]
Event: 23.691 Thread 0x000001d3acfdaf60 Exception <a 'java/lang/IncompatibleClassChangeError'{0x00000000c450a8a0}: Found class java.lang.Object, but interface was expected> (0x00000000c450a8a0) 
thrown [s\open\src\hotspot\share\interpreter\linkResolver.cpp, line 840]
Event: 25.514 Thread 0x000001d3acfdaf60 Exception <a 'java/lang/NoSuchMethodError'{0x00000000c4a3e470}: method resolution failed> (0x00000000c4a3e470) 
thrown [s\open\src\hotspot\share\prims\methodHandles.cpp, line 1136]
Event: 25.566 Thread 0x000001d3acfdaf60 Exception <a 'java/lang/NoSuchMethodError'{0x00000000c4a8f420}: 'int java.lang.invoke.DirectMethodHandle$Holder.invokeStaticInit(java.lang.Object, java.lang.Object, java.lang.Object, java.lang.Object)'> (0x00000000c4a8f420) 
thrown [s\open\src\hotspot\share\interpreter\linkResolver.cpp, line 773]
Event: 25.912 Thread 0x000001d3acfdaf60 Exception <a 'java/net/ConnectException'{0x00000000c4953ee0}: Connection refused: getsockopt> (0x00000000c4953ee0) 
thrown [s\open\src\hotspot\share\prims\jni.cpp, line 539]
Event: 27.535 Thread 0x000001d3acfdaf60 Exception <a 'java/lang/NoSuchMethodError'{0x00000000c47ddc70}: 'int java.lang.invoke.Invokers$Holder.invokeExact_MT(java.lang.Object, java.lang.Object)'> (0x00000000c47ddc70) 
thrown [s\open\src\hotspot\share\interpreter\linkResolver.cpp, line 773]
Event: 27.798 Thread 0x000001d3acfdaf60 Exception <a 'java/lang/NoSuchMethodError'{0x00000000c453acb8}: 'java.lang.Object java.lang.invoke.DirectMethodHandle$Holder.invokeSpecial(java.lang.Object, java.lang.Object, int, java.lang.Object, int)'> (0x00000000c453acb8) 
thrown [s\open\src\hotspot\share\interpreter\linkResolver.cpp, line 773]
Event: 27.868 Thread 0x000001d3acfdaf60 Exception <a 'java/lang/NoSuchMethodError'{0x00000000c45a2e48}: 'java.lang.Object java.lang.invoke.DirectMethodHandle$Holder.newInvokeSpecial(java.lang.Object, java.lang.Object, java.lang.Object, java.lang.Object, java.lang.Object, int, java.lang.Object)'> (0x00000000c45a2e48) 
thrown [s\open\src\hotspot\share\interpreter\linkResolver.cpp, line 773]
Event: 27.872 Thread 0x000001d3acfdaf60 Exception <a 'java/lang/NoSuchMethodError'{0x00000000c45a7830}: 'java.lang.Object java.lang.invoke.DirectMethodHandle$Holder.invokeSpecial(java.lang.Object, java.lang.Object, java.lang.Object, java.lang.Object, java.lang.Object, java.lang.Object, int, java.lang.Object)'> (0x00000000c45a7830) 
thrown [s\open\src\hotspot\share\interpreter\linkResolver.cpp, line 773]
Event: 30.071 Thread 0x000001d3acfdaf60 Exception <a 'java/lang/NoSuchMethodError'{0x00000000c48c1fd8}: 'void java.lang.invoke.DirectMethodHandle$Holder.invokeSpecial(java.lang.Object, java.lang.Object, int, java.lang.Object)'> (0x00000000c48c1fd8) 
thrown [s\open\src\hotspot\share\interpreter\linkResolver.cpp, line 773]
Event: 31.446 Thread 0x000001d3acfdaf60 Exception <a 'java/lang/NoSuchMethodError'{0x00000000c4a346a0}: 'java.lang.Object java.lang.invoke.Invokers$Holder.invoke_MT(java.lang.Object, java.lang.Object, java.lang.Object, java.lang.Object, java.lang.Object, java.lang.Object, java.lang.Object, java.lang.Object, java.lang.Object, java.lang.Object, java.lang.Object)'> (0x00000000c4a346a0) 
thrown [s\open\src\hotspot\share\interpreter\linkResolver.cpp, line 773]
Event: 31.489 Thread 0x000001d3acfdaf60 Exception <a 'java/lang/IncompatibleClassChangeError'{0x00000000c4af2310}: Found class java.lang.Object, but interface was expected> (0x00000000c4af2310) 
thrown [s\open\src\hotspot\share\interpreter\linkResolver.cpp, line 840]
Event: 31.563 Thread 0x000001d3acfdaf60 Exception <a 'java/lang/NoSuchMethodError'{0x00000000c499fc80}: 'java.lang.Object java.lang.invoke.DirectMethodHandle$Holder.invokeStaticInit(java.lang.Object, java.lang.Object, int, java.lang.Object)'> (0x00000000c499fc80) 
thrown [s\open\src\hotspot\share\interpreter\linkResolver.cpp, line 773]
Event: 31.706 Thread 0x000001d3acfdaf60 Exception <a 'java/lang/NoSuchMethodError'{0x00000000c4748bb8}: 'void java.lang.invoke.DirectMethodHandle$Holder.invokeStaticInit(java.lang.Object, java.lang.Object, java.lang.Object, java.lang.Object, java.lang.Object)'> (0x00000000c4748bb8) 
thrown [s\open\src\hotspot\share\interpreter\linkResolver.cpp, line 773]

ZGC Phase Switch (0 events):
No events

VM Operations (20 events):
Event: 27.544 Executing VM operation: Cleanup
Event: 27.560 Executing VM operation: Cleanup done
Event: 28.563 Executing VM operation: Cleanup
Event: 28.564 Executing VM operation: Cleanup done
Event: 28.754 Executing VM operation: G1CollectForAllocation (G1 Evacuation Pause)
Event: 28.764 Executing VM operation: G1CollectForAllocation (G1 Evacuation Pause) done
Event: 29.440 Executing VM operation: HandshakeAllThreads (Deoptimize)
Event: 29.440 Executing VM operation: HandshakeAllThreads (Deoptimize) done
Event: 29.449 Executing VM operation: HandshakeAllThreads (Deoptimize)
Event: 29.449 Executing VM operation: HandshakeAllThreads (Deoptimize) done
Event: 29.465 Executing VM operation: HandshakeAllThreads (Deoptimize)
Event: 29.465 Executing VM operation: HandshakeAllThreads (Deoptimize) done
Event: 30.268 Executing VM operation: HandshakeAllThreads (Deoptimize)
Event: 30.268 Executing VM operation: HandshakeAllThreads (Deoptimize) done
Event: 30.268 Executing VM operation: Cleanup
Event: 30.268 Executing VM operation: Cleanup done
Event: 30.932 Executing VM operation: G1CollectForAllocation (G1 Evacuation Pause)
Event: 30.945 Executing VM operation: G1CollectForAllocation (G1 Evacuation Pause) done
Event: 31.959 Executing VM operation: Cleanup
Event: 31.959 Executing VM operation: Cleanup done

Events (20 events):
Event: 19.604 Thread 0x000001d3bdbd6fd0 flushing nmethod 0x000001d3b72c4790
Event: 19.604 Thread 0x000001d3bdbd6fd0 flushing nmethod 0x000001d3b6f37190
Event: 19.604 Thread 0x000001d3bdbd6fd0 flushing nmethod 0x000001d3b6f38090
Event: 19.604 Thread 0x000001d3bdbd6fd0 flushing nmethod 0x000001d3b6f39690
Event: 19.604 Thread 0x000001d3bdbd6fd0 flushing nmethod 0x000001d3b6f70d10
Event: 19.604 Thread 0x000001d3bdbd6fd0 flushing nmethod 0x000001d3b6f71190
Event: 19.604 Thread 0x000001d3bdbd6fd0 flushing nmethod 0x000001d3b6f76290
Event: 19.604 Thread 0x000001d3bdbd6fd0 flushing nmethod 0x000001d3b6f78f10
Event: 19.604 Thread 0x000001d3bdbd6fd0 flushing nmethod 0x000001d3b6f89890
Event: 19.604 Thread 0x000001d3bdbd6fd0 flushing nmethod 0x000001d3b6f8a510
Event: 19.604 Thread 0x000001d3bdbd6fd0 flushing nmethod 0x000001d3b6f8d610
Event: 19.604 Thread 0x000001d3bdbd6fd0 flushing nmethod 0x000001d3b6fc0610
Event: 19.604 Thread 0x000001d3bdbd6fd0 flushing nmethod 0x000001d3b6fcf490
Event: 19.604 Thread 0x000001d3bdbd6fd0 flushing nmethod 0x000001d3b6fdee90
Event: 19.604 Thread 0x000001d3bdbd6fd0 flushing nmethod 0x000001d3b6ffb690
Event: 19.604 Thread 0x000001d3bdbd6fd0 flushing nmethod 0x000001d3b6ffcc10
Event: 19.604 Thread 0x000001d3bdbd6fd0 flushing nmethod 0x000001d3b70ea410
Event: 19.604 Thread 0x000001d3bdbd6fd0 flushing nmethod 0x000001d3b7158690
Event: 19.604 Thread 0x000001d3bdbd6fd0 flushing nmethod 0x000001d3b7191290
Event: 19.604 Thread 0x000001d3bdbd6fd0 flushing nmethod 0x000001d3b71abe10


Dynamic libraries:
0x00007ff70a4e0000 - 0x00007ff70a4f0000 	C:\Program Files\Java\jdk-21\bin\java.exe
0x00007ffdfe4c0000 - 0x00007ffdfe6c9000 	C:\Windows\SYSTEM32\ntdll.dll
0x00007ffdfd730000 - 0x00007ffdfd7ed000 	C:\Windows\System32\KERNEL32.DLL
0x00007ffdfbb10000 - 0x00007ffdfbe94000 	C:\Windows\System32\KERNELBASE.dll
0x00007ffdfb950000 - 0x00007ffdfba61000 	C:\Windows\System32\ucrtbase.dll
0x00007ffdec590000 - 0x00007ffdec5a9000 	C:\Program Files\Java\jdk-21\bin\jli.dll
0x00007ffdfcc00000 - 0x00007ffdfccae000 	C:\Windows\System32\ADVAPI32.dll
0x00007ffdfd4e0000 - 0x00007ffdfd583000 	C:\Windows\System32\msvcrt.dll
0x00007ffdfd970000 - 0x00007ffdfda0e000 	C:\Windows\System32\sechost.dll
0x00007ffdfca30000 - 0x00007ffdfcb51000 	C:\Windows\System32\RPCRT4.dll
0x00007ffdfc880000 - 0x00007ffdfca2d000 	C:\Windows\System32\USER32.dll
0x00007ffdfc100000 - 0x00007ffdfc126000 	C:\Windows\System32\win32u.dll
0x00007ffdfce60000 - 0x00007ffdfce8a000 	C:\Windows\System32\GDI32.dll
0x00007ffdfc130000 - 0x00007ffdfc24e000 	C:\Windows\System32\gdi32full.dll
0x00007ffdfba70000 - 0x00007ffdfbb0d000 	C:\Windows\System32\msvcp_win.dll
0x00007ffde26a0000 - 0x00007ffde26bb000 	C:\Program Files\Java\jdk-21\bin\VCRUNTIME140.dll
0x00007ffdebef0000 - 0x00007ffdec195000 	C:\Windows\WinSxS\amd64_microsoft.windows.common-controls_6595b64144ccf1df_6.0.22000.120_none_9d947278b86cc467\COMCTL32.dll
0x00007ffdea190000 - 0x00007ffdea19a000 	C:\Windows\SYSTEM32\VERSION.dll
0x00007ffdfc310000 - 0x00007ffdfc341000 	C:\Windows\System32\IMM32.DLL
0x00007ffdf7cb0000 - 0x00007ffdf7cbc000 	C:\Program Files\Java\jdk-21\bin\vcruntime140_1.dll
0x00007ffde0fd0000 - 0x00007ffde105e000 	C:\Program Files\Java\jdk-21\bin\msvcp140.dll
0x00007ffd40170000 - 0x00007ffd40e8d000 	C:\Program Files\Java\jdk-21\bin\server\jvm.dll
0x00007ffdfccb0000 - 0x00007ffdfcd1f000 	C:\Windows\System32\WS2_32.dll
0x00007ffdfa2b0000 - 0x00007ffdfa2fd000 	C:\Windows\SYSTEM32\POWRPROF.dll
0x00007ffdf54b0000 - 0x00007ffdf54e3000 	C:\Windows\SYSTEM32\WINMM.dll
0x00007ffdfa3a0000 - 0x00007ffdfa3b3000 	C:\Windows\SYSTEM32\UMPDC.dll
0x00007ffdfaab0000 - 0x00007ffdfaac8000 	C:\Windows\SYSTEM32\kernel.appcore.dll
0x00007ffdeaa10000 - 0x00007ffdeaa1a000 	C:\Program Files\Java\jdk-21\bin\jimage.dll
0x00007ffde6a90000 - 0x00007ffde6cb1000 	C:\Windows\SYSTEM32\DBGHELP.DLL
0x00007ffde5700000 - 0x00007ffde5731000 	C:\Windows\SYSTEM32\dbgcore.DLL
0x00007ffdfbf10000 - 0x00007ffdfbf8f000 	C:\Windows\System32\bcryptPrimitives.dll
0x00007ffde1370000 - 0x00007ffde138f000 	C:\Program Files\Java\jdk-21\bin\java.dll
0x00007ffdfdcb0000 - 0x00007ffdfe475000 	C:\Windows\System32\SHELL32.dll
0x00007ffdf9a30000 - 0x00007ffdfa292000 	C:\Windows\SYSTEM32\windows.storage.dll
0x00007ffdfd160000 - 0x00007ffdfd4d6000 	C:\Windows\System32\combase.dll
0x00007ffdf98c0000 - 0x00007ffdf9a27000 	C:\Windows\SYSTEM32\wintypes.dll
0x00007ffdfda10000 - 0x00007ffdfdafa000 	C:\Windows\System32\SHCORE.dll
0x00007ffdfdbe0000 - 0x00007ffdfdc3d000 	C:\Windows\System32\shlwapi.dll
0x00007ffdfb880000 - 0x00007ffdfb8a5000 	C:\Windows\SYSTEM32\profapi.dll
0x00007ffdea7b0000 - 0x00007ffdea7c0000 	C:\Program Files\Java\jdk-21\bin\net.dll
0x00007ffdf5e70000 - 0x00007ffdf5f84000 	C:\Windows\SYSTEM32\WINHTTP.dll
0x00007ffdfaf60000 - 0x00007ffdfafc7000 	C:\Windows\system32\mswsock.dll
0x00007ffde2660000 - 0x00007ffde2676000 	C:\Program Files\Java\jdk-21\bin\nio.dll
0x00007ffde15f0000 - 0x00007ffde1608000 	C:\Program Files\Java\jdk-21\bin\zip.dll
0x00007ffde9890000 - 0x00007ffde989e000 	C:\Program Files\Java\jdk-21\bin\sunmscapi.dll
0x00007ffdfbf90000 - 0x00007ffdfc0f2000 	C:\Windows\System32\CRYPT32.dll
0x00007ffdfb2f0000 - 0x00007ffdfb318000 	C:\Windows\SYSTEM32\ncrypt.dll
0x00007ffdfb2b0000 - 0x00007ffdfb2e7000 	C:\Windows\SYSTEM32\NTASN1.dll
0x00007ffdfb1b0000 - 0x00007ffdfb1c8000 	C:\Windows\SYSTEM32\CRYPTSP.dll
0x00007ffdfaa10000 - 0x00007ffdfaa45000 	C:\Windows\system32\rsaenh.dll
0x00007ffdfb050000 - 0x00007ffdfb07c000 	C:\Windows\SYSTEM32\USERENV.dll
0x00007ffdfb320000 - 0x00007ffdfb347000 	C:\Windows\SYSTEM32\bcrypt.dll
0x00007ffdfb1a0000 - 0x00007ffdfb1ac000 	C:\Windows\SYSTEM32\CRYPTBASE.dll
0x00007ffdfa5d0000 - 0x00007ffdfa5fd000 	C:\Windows\SYSTEM32\IPHLPAPI.DLL
0x00007ffdfcd30000 - 0x00007ffdfcd39000 	C:\Windows\System32\NSI.dll
0x00007ffdea030000 - 0x00007ffdea03a000 	C:\Program Files\Java\jdk-21\bin\management.dll
0x00007ffde2f80000 - 0x00007ffde2f8b000 	C:\Program Files\Java\jdk-21\bin\management_ext.dll
0x00007ffdfc7d0000 - 0x00007ffdfc7d8000 	C:\Windows\System32\PSAPI.DLL
0x00007ffdfa600000 - 0x00007ffdfa6e7000 	C:\Windows\SYSTEM32\DNSAPI.dll
0x00007ffdef850000 - 0x00007ffdef85a000 	C:\Windows\System32\rasadhlp.dll
0x00007ffdf23c0000 - 0x00007ffdf2441000 	C:\Windows\System32\fwpuclnt.dll
0x00007ffde15e0000 - 0x00007ffde15e9000 	C:\Program Files\Java\jdk-21\bin\extnet.dll

dbghelp: loaded successfully - version: 4.0.5 - missing functions: none
symbol engine: initialized successfully - sym options: 0x614 - pdb path: .;C:\Program Files\Java\jdk-21\bin;C:\Windows\SYSTEM32;C:\Windows\WinSxS\amd64_microsoft.windows.common-controls_6595b64144ccf1df_6.0.22000.120_none_9d947278b86cc467;C:\Program Files\Java\jdk-21\bin\server

VM Arguments:
jvm_args: -XX:TieredStopAtLevel=1 
java_command: com.rentflow.RentflowApplication
java_class_path (initial): C:\Users\hp\Desktop\projects\RentFlow\backend\target\classes;C:\Users\hp\.m2\repository\org\springframework\boot\spring-boot-jackson\4.1.0\spring-boot-jackson-4.1.0.jar;C:\Users\hp\.m2\repository\org\springframework\boot\spring-boot-web-server\4.1.0\spring-boot-web-server-4.1.0.jar;C:\Users\hp\.m2\repository\org\apache\tomcat\embed\tomcat-embed-core\11.0.22\tomcat-embed-core-11.0.22.jar;C:\Users\hp\.m2\repository\org\apache\tomcat\embed\tomcat-embed-websocket\11.0.22\tomcat-embed-websocket-11.0.22.jar;C:\Users\hp\.m2\repository\org\springframework\boot\spring-boot-tomcat\4.1.0\spring-boot-tomcat-4.1.0.jar;C:\Users\hp\.m2\repository\org\springframework\boot\spring-boot-http-converter\4.1.0\spring-boot-http-converter-4.1.0.jar;C:\Users\hp\.m2\repository\org\springframework\boot\spring-boot\4.1.0\spring-boot-4.1.0.jar;C:\Users\hp\.m2\repository\org\springframework\spring-web\7.0.8\spring-web-7.0.8.jar;C:\Users\hp\.m2\repository\org\springframework\boot\spring-boot-webmvc\4.1.0\spring-boot-webmvc-4.1.0.jar;C:\Users\hp\.m2\repository\org\springframework\boot\spring-boot-servlet\4.1.0\spring-boot-servlet-4.1.0.jar;C:\Users\hp\.m2\repository\org\springframework\spring-webmvc\7.0.8\spring-webmvc-7.0.8.jar;C:\Users\hp\.m2\repository\ch\qos\logback\logback-classic\1.5.34\logback-classic-1.5.34.jar;C:\Users\hp\.m2\repository\ch\qos\logback\logback-core\1.5.34\logback-core-1.5.34.jar;C:\Users\hp\.m2\repository\org\apache\logging\log4j\log4j-to-slf4j\2.25.4\log4j-to-slf4j-2.25.4.jar;C:\Users\hp\.m2\repository\org\apache\logging\log4j\log4j-api\2.25.4\log4j-api-2.25.4.jar;C:\Users\hp\.m2\repository\org\slf4j\jul-to-slf4j\2.0.18\jul-to-slf4j-2.0.18.jar;C:\Users\hp\.m2\repository\org\springframework\boot\spring-boot-autoconfigure\4.1.0\spring-boot-autoconfigure-4.1.0.jar;C:\Users\hp\.m2\repository\jakarta\annotation\jakarta.annotation-api\3.0.0\jakarta.annotation-api-3.0.0.jar;C:\Users\hp\.m2\repository\org\yaml\snakeyaml\2.6\snakeyaml-2.6.jar;C:\Users\hp\.m2\repository\com\zaxxer\HikariCP\7.0.2\HikariCP-7.0.2.jar;C:\Users\hp\.m2\repository\org\springframework\boot\spring-boot-data-jpa\4.1.0\spring-boot-data-jpa-4.1.0.jar;C:\Users\hp\.m2\repository\org\springframework\boot\spring-boot-data-commons\4.1.0\spring-boot-data-commons-4.1.0.jar;C:\Users\hp\.m2\repository\org\springframework\boot\spring-boot-persistence\4.1.0\spring-boot-persistence-4.1.0.jar;C:\Users\hp\.m2\repository\org\springframework\data\spring-data-commons\4.1.0\spring-data-commons-4.1.0.jar;C:\Users\hp\.m2\repository\org\springframework\boot\spring-boot-hibernate\4.1.0\spring-boot-hibernate-4.1.0.jar;C:\Users\hp\.m2\repository\org\springframework\boot\spring-boot-jpa\4.1.0\spring-boot-jpa-4.1.0.jar;C:\Users\hp\.m2\repository\jakarta\persistence\jakarta.persistence-api\3.2.0\jakarta.persistence-api-3.2.0.jar;C:\Users\hp\.m2\repository\org\hibernate\orm\hibernate-core\7.4.1.Final\hibernate-core-7.4.1.Final.jar;C:\Users\hp\.m2\repository\jakarta\transaction\jakarta.transaction-api\2.0.1\jakarta.transaction-api-2.0.1.jar;C:\Users\hp\.m2\repository\org\hibernate\models\hibernate-models\1.1.1\hibernate-models-1.1.1.jar;C:\Users\hp\.m2\repository\org\glassfish\jaxb\jaxb-runtime\4.0.9\jaxb-runtime-4.0.9.jar;C:\Users\hp\.m2\repository\org\glassfish\jaxb\jaxb-core\4.0.9\jaxb-core-4.0.9.jar;C:\Users\hp\.m2\repository\org\eclipse\angus\angus-activation\2.0.3\angus-activation-2.0.3.jar;C:\Users\hp\.m2\repository\org\glassfish\jaxb\txw2\4.0.9\txw2-4.0.9.jar;C:\Users\hp\.m2\repository\com\sun\istack\istack-commons-runtime\4.1.2\istack-commons-runtime-4.1.2.jar;C:\Users\hp\.m2\repository\jakarta\inject\jakarta.inject-api\2.0.1\jakarta.inject-api-2.0.1.jar;C:\Users\hp\.m2\repository\org\springframework\spring-orm\7.0.8\spring-orm-7.0.8.jar;C:\Users\hp\.m2\repository\org\springframework\data\spring-data-jpa\4.1.0\spring-data-jpa-4.1.0.jar;C:\Users\hp\.m2\repository\org\springframework\spring-tx\7.0.8\spring-tx-7.0.8.jar;C:\Users\hp\.m2\repository\org\antlr\antlr4-runtime\4.13.2\antlr4-runtime-4.13.2.jar;C:\Users\hp\.m2\repository\org\springframework\spring-aspects\7.0.8\spring-aspects-7.0.8.jar;C:\Users\hp\.m2\repository\org\aspectj\aspectjweaver\1.9.25.1\aspectjweaver-1.9.25.1.jar;C:\Users\hp\.m2\repository\org\springframework\boot\spring-boot-jdbc\4.1.0\spring-boot-jdbc-4.1.0.jar;C:\Users\hp\.m2\repository\org\springframework\boot\spring-boot-sql\4.1.0\spring-boot-sql-4.1.0.jar;C:\Users\hp\.m2\repository\org\springframework\boot\spring-boot-transaction\4.1.0\spring-boot-transaction-4.1.0.jar;C:\Users\hp\.m2\repository\org\springframework\spring-jdbc\7.0.8\spring-jdbc-7.0.8.jar;C:\Users\hp\.m2\repository\org\springframework\boot\spring-boot-security\4.1.0\spring-boot-security-4.1.0.jar;C:\Users\hp\.m2\repository\org\springframework\security\spring-security-config\7.1.0\spring-security-config-7.1.0.jar;C:\Users\hp\.m2\repository\org\springframework\spring-aop\7.0.8\spring-aop-7.0.8.jar;C:\Users\hp\.m2\repository\org\springframework\spring-beans\7.0.8\spring-beans-7.0.8.jar;C:\Users\hp\.m2\repository\org\springframework\boot\spring-boot-validation\4.1.0\spring-boot-validation-4.1.0.jar;C:\Users\hp\.m2\repository\org\apache\tomcat\embed\tomcat-embed-el\11.0.22\tomcat-embed-el-11.0.22.jar;C:\Users\hp\.m2\repository\org\hibernate\validator\hibernate-validator\9.1.0.Final\hibernate-validator-9.1.0.Final.jar;C:\Users\hp\.m2\repository\jakarta\validation\jakarta.validation-api\3.1.1\jakarta.validation-api-3.1.1.jar;C:\Users\hp\.m2\repository\org\jboss\logging\jboss-logging\3.6.3.Final\jboss-logging-3.6.3.Final.jar;C:\Users\hp\.m2\repository\com\fasterxml\classmate\1.7.3\classmate-1.7.3.jar;C:\Users\hp\.m2\repository\org\postgresql\postgresql\42.7.11\postgresql-42.7.11.jar;C:\Users\hp\.m2\repository\org\flywaydb\flyway-core\12.4.0\flyway-core-12.4.0.jar;C:\Users\hp\.m2\repository\tools\jackson\core\jackson-databind\3.1.4\jackson-databind-3.1.4.jar;C:\Users\hp\.m2\repository\com\fasterxml\jackson\core\jackson-annotations\2.21\jackson-annotations-2.21.jar;C:\Users\hp\.m2\repository\tools\jackson\core\jackson-core\3.1.4\jackson-core-3.1.4.jar;C:\Users\hp\.m2\repository\org\flywaydb\flyway-database-postgresql\12.4.0\flyway-database-postgresql-12.4.0.jar;C:\Users\hp\.m2\repository\io\jsonwebtoken\jjwt-api\0.12.5\jjwt-api-0.12.5.jar;C:\Users\hp\.m2\repository\io\jsonwebtoken\jjwt-impl\0.12.5\jjwt-impl-0.12.5.jar;C:\Users\hp\.m2\repository\io\jsonwebtoken\jjwt-jackson\0.12.5\jjwt-jackson-0.12.5.jar;C:\Users\hp\.m2\repository\com\fasterxml\jackson\core\jackson-databind\2.21.4\jackson-databind-2.21.4.jar;C:\Users\hp\.m2\repository\com\fasterxml\jackson\core\jackson-core\2.21.4\jackson-core-2.21.4.jar;C:\Users\hp\.m2\repository\org\springdoc\springdoc-openapi-starter-webmvc-ui\2.5.0\springdoc-openapi-starter-webmvc-ui-2.5.0.jar;C:\Users\hp\.m2\repository\org\springdoc\springdoc-openapi-starter-webmvc-api\2.5.0\springdoc-openapi-starter-webmvc-api-2.5.0.jar;C:\Users\hp\.m2\repository\org\springdoc\springdoc-openapi-starter-common\2.5.0\springdoc-openapi-starter-common-2.5.0.jar;C:\Users\hp\.m2\repository\io\swagger\core\v3\swagger-core-jakarta\2.2.21\swagger-core-jakarta-2.2.21.jar;C:\Users\hp\.m2\repository\org\apache\commons\commons-lang3\3.20.0\commons-lang3-3.20.0.jar;C:\Users\hp\.m2\repository\io\swagger\core\v3\swagger-annotations-jakarta\2.2.21\swagger-annotations-jakarta-2.2.21.jar;C:\Users\hp\.m2\repository\io\swagger\core\v3\swagger-models-jakarta\2.2.21\swagger-models-jakarta-2.2.21.jar;C:\Users\hp\.m2\repository\com\fasterxml\jackson\dataformat\jackson-dataformat-yaml\2.21.4\jackson-dataformat-yaml-2.21.4.jar;C:\Users\hp\.m2\repository\com\fasterxml\jackson\datatype\jackson-datatype-jsr310\2.21.4\jackson-datatype-jsr310-2.21.4.jar;C:\Users\hp\.m2\repository\org\webjars\swagger-ui\5.13.0\swagger-ui-5.13.0.jar;C:\Users\hp\.m2\repository\org\slf4j\slf4j-api\2.0.18\slf4j-api-2.0.18.jar;C:\Users\hp\.m2\repository\jakarta\xml\bind\jakarta.xml.bind-api\4.0.5\jakarta.xml.bind-api-4.0.5.jar;C:\Users\hp\.m2\repository\jakarta\activation\jakarta.activation-api\2.1.4\jakarta.activation-api-2.1.4.jar;C:\Users\hp\.m2\repository\net\bytebuddy\byte-buddy\1.18.10\byte-buddy-1.18.10.jar;C:\Users\hp\.m2\repository\org\springframework\spring-core\7.0.8\spring-core-7.0.8.jar;C:\Users\hp\.m2\repository\commons-logging\commons-logging\1.3.6\commons-logging-1.3.6.jar;C:\Users\hp\.m2\repository\org\jspecify\jspecify\1.0.0\jspecify-1.0.0.jar;C:\Users\hp\.m2\repository\org\springframework\security\spring-security-core\7.1.0\spring-security-core-7.1.0.jar;C:\Users\hp\.m2\repository\org\springframework\security\spring-security-crypto\7.1.0\spring-security-crypto-7.1.0.jar;C:\Users\hp\.m2\repository\org\springframework\spring-context\7.0.8\spring-context-7.0.8.jar;C:\Users\hp\.m2\repository\org\springframework\spring-expression\7.0.8\spring-expression-7.0.8.jar;C:\Users\hp\.m2\repository\io\micrometer\micrometer-observation\1.17.0\micrometer-observation-1.17.0.jar;C:\Users\hp\.m2\repository\io\micrometer\micrometer-commons\1.17.0\micrometer-commons-1.17.0.jar;C:\Users\hp\.m2\repository\org\springframework\security\spring-security-web\7.1.0\spring-security-web-7.1.0.jar
Launcher Type: SUN_STANDARD

[Global flags]
     intx CICompilerCount                          = 3                                         {product} {ergonomic}
     uint ConcGCThreads                            = 1                                         {product} {ergonomic}
     uint G1ConcRefinementThreads                  = 4                                         {product} {ergonomic}
   size_t G1HeapRegionSize                         = 1048576                                   {product} {ergonomic}
    uintx GCDrainStackTargetSize                   = 64                                        {product} {ergonomic}
   size_t InitialHeapSize                          = 67108864                                  {product} {ergonomic}
   size_t MarkStackSize                            = 4194304                                   {product} {ergonomic}
   size_t MaxHeapSize                              = 1042284544                                {product} {ergonomic}
   size_t MaxNewSize                               = 624951296                                 {product} {ergonomic}
   size_t MinHeapDeltaBytes                        = 1048576                                   {product} {ergonomic}
   size_t MinHeapSize                              = 8388608                                   {product} {ergonomic}
    uintx NonNMethodCodeHeapSize                   = 4096                                   {pd product} {ergonomic}
    uintx NonProfiledCodeHeapSize                  = 0                                      {pd product} {ergonomic}
     bool ProfileInterpreter                       = false                                  {pd product} {command line}
    uintx ProfiledCodeHeapSize                     = 0                                      {pd product} {ergonomic}
   size_t SoftMaxHeapSize                          = 1042284544                             {manageable} {ergonomic}
     intx TieredStopAtLevel                        = 1                                         {product} {command line}
     bool UseCompressedOops                        = true                           {product lp64_product} {ergonomic}
     bool UseG1GC                                  = true                                      {product} {ergonomic}
     bool UseLargePagesIndividualAllocation        = false                                  {pd product} {ergonomic}

Logging:
Log output configuration:
 #0: stdout all=warning uptime,level,tags foldmultilines=false
 #1: stderr all=off uptime,level,tags foldmultilines=false

Environment Variables:
JAVA_HOME=C:\Program Files\Java\jdk-21
PATH=C:\Python314\Scripts\;C:\Python314\;%JAVA_HOME%\bin;C:\Windows\system32;C:\Windows;C:\Windows\System32\Wbem;C:\Windows\System32\WindowsPowerShell\v1.0\;C:\Windows\System32\OpenSSH\;C:\Program Files\Git\cmd;C:\Program Files\nodejs\;C:\ProgramData\chocolatey\bin;C:\Users\hp\.local\bin;C:\Users\hp\AppData\Local\Microsoft\WindowsApps;C:\Users\hp\AppData\Local\Programs\Microsoft VS Code\bin;C:\Program Files\Java\jdk-21\bin;C:\Users\hp\.m2\wrapper\dists\apache-maven-3.9.9\8e74001100ff70d6af083c5511fcc5ec49282d7017cde82c3698eee8fdf86698\bin;C:\Users\hp\AppData\Local\Programs\Antigravity IDE\bin;C:\Users\hp\AppData\Local\Programs\cursor\resources\app\bin;C:\Users\hp\AppData\Roaming\npm;C:\Users\hp\AppData\Local\Programs\Devin\bin;c:\Users\hp\.antigravity-ide\extensions\vscjava.vscode-java-debug-0.59.0-universal\bundled\scripts\noConfigScripts
USERNAME=kibet
LANG=en_US.UTF-8
OS=Windows_NT
PROCESSOR_IDENTIFIER=Intel64 Family 6 Model 61 Stepping 4, GenuineIntel
TMP=C:\Users\hp\AppData\Local\Temp
TEMP=C:\Users\hp\AppData\Local\Temp




Periodic native trim disabled

---------------  S Y S T E M  ---------------

OS:
 Windows 11 , 64 bit Build 22000 (10.0.22000.2538)
OS uptime: 0 days 6:34 hours

CPU: total 4 (initial active 4) (2 cores per cpu, 2 threads per core) family 6 model 61 stepping 4 microcode 0x2f, cx8, cmov, fxsr, ht, mmx, 3dnowpref, sse, sse2, sse3, ssse3, sse4.1, sse4.2, popcnt, lzcnt, tsc, tscinvbit, avx, avx2, aes, erms, clmul, bmi1, bmi2, rtm, adx, fma, vzeroupper, clflush, rdtscp, f16c
Processor Information for all 4 processors :
  Max Mhz: 2301, Current Mhz: 2301, Mhz Limit: 2301

Memory: 4k page, system-wide physical 3971M (159M free)
TotalPageFile size 16259M (AvailPageFile size 4M)
current process WorkingSet (physical memory assigned to process): 125M, peak: 144M
current process commit charge ("private bytes"): 217M, peak: 217M

vm_info: Java HotSpot(TM) 64-Bit Server VM (21.0.9+7-LTS-338) for windows-amd64 JRE (21.0.9+7-LTS-338), built on 2025-09-26T06:33:49Z by "mach5run" with MS VC++ 17.6 (VS2022)

END.
